country,year,Numpate,R_D,Uni10,GdpLog,educ,FDI,IPr,Trade,PerCapDoll,GDPgrowth,urban,LaborAdEd,corrupt,PopTotLog,Stability,count,devel
Argentina,2008,1115.0,0.47055,0.249500001996,11.5581780199535,4.84440994262695,2.68990096507093,2.680075454597701,40.4026733790382,9020.87309807194,4.05723310346406,38.2318637986302,83.8499984741211,-0.4355765,7.60292944656624,-0.0852222,8,0
Argentina,2009,952.0,0.58398,0.2470185600853379,11.5224135639003,5.53105020523071,1.20643922647566,2.4910549355421687,34.0571269054879,8225.13717626412,-5.91852507634947,38.289494990296,83.879997253418,-0.4449961,7.60727041419046,-0.2324056,8,0
Argentina,2010,868.0,0.56104,0.2451674252024218,11.626984064934,5.01971006393433,2.67516171886537,2.472798546718453,34.9710132635696,10385.9644319555,10.1253981561002,38.4442699573202,83.8399963378906,-0.3614692,7.61053723396862,-0.0847979,8,0
Argentina,2011,1027.0,0.56597,0.0,11.7244096457628,5.29062986373901,2.04464008003071,2.454542157894737,35.2061549999644,12848.8641969705,6.00395169280579,38.2604784860788,83.6399993896484,-0.3661579,7.61554490679501,0.1589937,8,0
Argentina,2012,1079.0,0.63491,0.2396169713128884,11.7371786239148,5.34582996368408,2.80667189982932,2.3815089459459458,30.5265423717108,13082.664325572,-1.0264204544321,37.9961446073599,82.4700012207031,-0.4431399,7.62048242548759,0.1030405,8,0
Argentina,2013,922.0,0.61849,0.236950344804218,11.7419588567585,5.43661022186279,1.77920553648531,2.334612414479638,29.3339290021037,13080.2547323367,2.40532378079436,37.7410622908127,82.6500015258789,-0.432282,7.62534265498965,0.0653143,8,0
Argentina,2014,791.0,0.59396,0.2343594370686321,11.7212496041678,5.36144018173218,0.962406650325519,2.4246094741250634,28.4067936452275,12334.7982453893,-2.51261532081394,37.4954324954567,82.2099990844727,-0.5416201,7.63011755383861,-0.0051219,8,0
Argentina,2017,766.0,0.54152,0.2270415009840773,11.8086353780397,5.46223020553589,1.78936428458615,3.734722376,25.2896011376345,14613.0418246696,2.81850297245272,36.8197273819288,79.0299987792969,-0.2559502,7.64389475073197,0.1694364,8,0
Armenia,2007,170.0,0.21107,0.0,9.96408520308786,3.01893997192383,7.25233197719082,2.6974512436904146,56.9750470853147,3139.27749894333,13.7000000015467,57.6967089498781,57.2200012207031,-0.7423844,6.46725549588316,0.150446,11,0
Armenia,2008,266.0,0.22438,0.0,10.0667745532727,3.17272996902466,8.09234920917782,2.7442533095623878,54.5423279613666,4010.85724255226,6.90000000042959,58.0500084305732,70.5,-0.7080976,6.46353734875181,-0.0093653,11,0
Armenia,2009,160.0,0.29093,0.0,9.93691250447663,3.84079003334045,8.78869455248089,2.668089562874252,57.2742357441995,2994.34254448509,-14.1000000006998,58.3007192002154,60.810001373291,-0.6197577,6.46061102354301,0.2277748,11,0
Armenia,2010,192.0,0.24139,0.0,9.96662435007388,3.24900007247925,5.71603784546004,2.840160579573772,64.642975973633,3218.37270660563,2.2000000002151,58.3770093860371,71.5100021362305,-0.6963042,6.45898801352734,0.0718553,11,0
Armenia,2011,200.0,0.27014,0.0,10.006128373683,3.14385008811951,6.44066836705362,3.012231596273292,69.4355736620453,3525.80474671153,4.69999999867412,58.2512394353674,69.1100006103516,-0.656885,6.45887011557039,-0.063869,11,0
Armenia,2012,184.0,0.23853,0.0,10.0260967099092,2.77248001098633,4.67672787765567,3.430632202453988,75.9616759606704,3681.8574560431,7.20000000096486,58.2395369262703,64.9800033569336,-0.5877874,6.46002973922634,0.154795,11,0
Armenia,2013,175.0,0.22216,0.0,10.0461620293994,2.65018010139465,3.11193148125796,3.6013182205128205,77.5550481598824,3838.18580148382,3.3,58.2038869431711,70.3199996948242,-0.5319471,6.46203603487125,0.1103851,11,0
Armenia,2014,156.0,0.24151,0.0,10.0648139999268,2.24724006652832,3.50211424719527,3.458404569497681,75.778866962639,3986.23162376713,3.60000000058993,58.1184347110783,74.5100021362305,-0.5239985,6.46425146973665,-0.2971358,11,0
Armenia,2015,160.0,0.25002,0.0,10.0233898343936,2.80591011047363,1.74473699241328,3.5153694253883616,71.6820743427575,3607.29669672271,3.19999999896625,58.0447392019333,76.8600006103516,-0.5338237,6.46620797029806,-0.2523326,11,0
Armenia,2016,192.0,0.23305,0.0,10.0230933329806,2.75812005996704,3.16450822069324,3.832730454520175,76.0779674593548,3591.82927553023,0.199999999825991,58.000950231619,74.620002746582,-0.5719545,6.46777764709481,-0.6622638,11,0
Armenia,2017,187.0,0.22788,0.0,10.0617335698673,2.70759010314941,2.17684677683483,4.006361008,87.202376539837,3914.5012684128,7.50000000164144,57.9734407885213,73.6100006103516,-0.5604638,6.46905713174246,-0.6206948,11,0
Austria,2007,9669.0,2.41843,8.438323150889152,11.589604982458,5.14690017700195,17.7173406826104,5.873031178950495,100.733254061926,46855.7717452095,3.72741530093519,34.5800053724743,77.2099990844727,2.013397,6.91884188706976,1.283752,11,1
Austria,2008,9791.0,2.56945,8.41194900532308,11.6337655804023,5.26395988464355,1.46438004562602,6.185601443318431,102.073682731706,51708.7657541758,1.4604236757386,35.0487329273051,75.5699996948242,1.843035,6.92020140875959,1.339206,11,1
Austria,2009,9974.0,2.59674,8.389942472561591,11.602247021075,5.73024988174438,3.57347684121608,6.071597349999999,87.0622309742796,47963.1794023217,-3.76457817791677,35.5416598530673,75.8099975585938,1.703025,6.92133905700853,1.190602,11,1
Austria,2010,11065.0,2.7261,8.369797752207116,11.5931672252929,5.70047998428345,-5.61565003443295,5.772494008333332,99.0197962369563,46858.0432733717,1.83709367680054,36.0513570433141,75.25,1.585462,6.92238307618607,1.152648,11,1
Austria,2011,11603.0,2.66868,3.5749852561649726,11.63459848296,5.59226989746094,5.33121321219852,5.473390666666666,105.102788629725,51374.9584066934,2.92279728368581,36.5339303847556,75.9100036621094,1.431896,6.9238469996817,1.193522,11,1
Austria,2012,12396.0,2.91472,8.303686207968669,11.612174606076,5.48040008544922,1.27462102416561,5.483911758940398,105.152177427838,48567.69528642,0.680445576816723,36.776020360823,76.5999984741211,1.389731,6.92582711096491,1.340567,11,1
Austria,2013,13352.0,2.95492,8.254889282476768,11.6335378492551,5.54711008071899,0.104891997865552,5.483689947058824,104.066414086373,50716.7087062864,0.0255047121972183,36.8679209813428,76.9100036621094,1.550795,6.92838678728908,1.364101,11,1
Austria,2014,13686.0,3.08429,7.020536003882825,11.6454184685056,5.44761991500854,0.387373361663698,5.509293816283103,103.503535251069,51717.4959405515,0.661272848852605,36.889441147414,76.8000030517578,1.474735,6.93178097947291,1.2707,11,1
Austria,2015,14036.0,3.04979,6.942275786765222,11.5818559046631,5.45658016204834,-2.08889644070062,5.67137844701146,102.42731538918,44178.0473777432,1.01450158590511,36.7869427725879,76.8899993896484,1.519276,6.93664938805325,1.143079,11,1
Austria,2016,13874.0,3.12588,5.723005612666064,11.5972218589379,5.48435020446777,-7.31588324378827,5.841853061712014,100.982078278741,45276.8314351693,1.98943716230463,36.6996193690096,76.879997253418,1.548537,6.94134583250614,0.9096388,11,1
Austria,2017,13809.0,3.05212,4.54671212469449,11.6203837187423,5.35803985595703,3.2400857728781,5.906649113,104.944224211506,47426.5119597773,2.39958760332166,36.7542201329014,77.4199981689453,1.526029,6.94436253362923,1.046604,11,1
Belgium,2008,11315.0,1.92413,6.535964189638947,11.7119956839621,6.33294010162354,36.9532514977259,5.524751831113166,161.088447790447,48106.892915788,0.446928735275904,18.1539653950943,78.3000030517578,1.37489,7.02978837597044,0.6212433,9,1
Belgium,2009,10131.0,1.98537,6.483586846210154,11.6824573034893,6.45809984207153,16.0704608746845,5.266425533757962,135.406040531897,44583.5448070814,-2.02074306169408,18.1394404718828,77.5699996948242,1.460206,7.03328270751574,0.819909,9,1
Belgium,2010,11836.0,2.05081,6.424620025026648,11.682101400489,6.44259023666382,26.092414949357,5.162359536323426,149.997673074386,44141.8781415734,2.86429270764155,18.1053717091607,76.9199981689453,1.527498,7.03725059297809,0.8106462,9,1
Belgium,2011,11745.0,2.15533,2.7178186714867483,11.7182072313947,6.43199014663696,31.306951916507,5.05829353888889,161.493723664633,47348.5250202016,1.69451389861332,18.0016937800365,76.0299987792969,1.575072,7.04290077678959,0.9545354,9,1
Belgium,2013,11723.0,2.33393,6.272734742984103,11.717373146129,6.63052988052368,-5.682227348616,5.243372519526627,157.850845041743,46744.6625441516,0.459242192907709,18.0675257107035,75.8099975585938,1.673882,7.04764111722967,0.9400827,9,1
Belgium,2014,12183.0,2.38729,6.24494995430927,11.7280923764654,6.59046983718872,-2.84393021622138,5.287406220431111,158.783215919076,47700.5403601178,1.57853314322614,18.119255451112,75.6800003051758,1.573292,7.04956907763307,0.7012694,9,1
Belgium,2015,12392.0,2.46123,6.20886846387982,11.6647826560435,6.4515700340271,-4.22249472994031,5.685154019584951,154.192546509323,40991.8081381432,2.04145900919961,18.1467116736501,74.9199981689453,1.573307,7.05208558068628,0.5870946,9,1
Belgium,2016,12969.0,2.55595,6.177512407533671,11.6773692928256,6.45953989028931,12.0945056635852,5.9940486986061625,157.66502598438,41984.1030335609,1.26668640902095,18.1877074862457,74.9599990844727,1.638705,7.0542844136588,0.4413673,9,1
Belgium,2017,13778.0,2.70234,6.153760677434107,11.7013072173051,6.41228008270264,-7.41774090348338,6.039073467,165.34775639333,44192.6230270333,1.60808683450885,18.250677833757,75.3199996948242,1.497134,7.05595743768533,0.4280707,9,1
Brazil,2007,5403.0,1.08138,0.2629773497135332,12.1452226277425,4.97425985336304,3.19089484217804,3.326530898965288,25.2926113700037,7348.03079355548,6.0698706077184,11.8649456890383,83.9400024414063,-0.0759291,8.27905166009737,-0.3569552,10,0
Brazil,2008,5525.0,1.12904,0.3124505904956842,12.229380922233,5.26883983612061,2.99066328727667,3.2675580651249074,27.2575694188187,8831.02311697566,5.09419544732717,11.8761163946256,83.620002746582,0.00789,8.28336990061281,-0.3125997,10,0
Brazil,2009,5426.0,1.11866,0.3094593874474236,12.2219407539077,5.46355009078979,1.8884558245792,3.042105371191136,22.1059755993695,8597.91535151624,-0.125811999414864,11.8916739705953,83.9199981689453,-0.0693086,8.28754758883622,0.1662922,10,0
Brazil,2011,6361.0,1.13966,0.2025167423881829,12.4176711040722,5.73741006851196,3.91511319474609,3.222127836260624,23.934410646605,13245.6124995448,3.97442540583816,11.9059886416203,82.6699981689453,0.1659021,8.29559905846253,-0.1325754,10,0
Brazil,2012,6603.0,1.12684,0.3010728792265815,12.3918501638248,5.85510015487671,3.75502209852013,3.4954477682926828,25.1142943781206,12370.0242007149,1.92115031836305,11.9020348231735,81.5899963378906,-0.0372771,8.29947961454118,0.0459616,10,0
Brazil,2013,6848.0,1.19567,0.298454152241652,12.3931902073864,5.8388500213623,3.04152449114105,3.539863958506224,25.7859760796861,12300.3248822758,3.00484630505706,11.9010377792831,81.2600021362305,-0.08471,8.30327362499447,-0.2585533,10,0
Brazil,2014,6712.0,1.27131,0.2959109033970004,12.3902272352046,5.94848012924194,3.57142571130486,3.250404428203943,24.68540581659,12112.5882059697,0.503955740242247,11.9029092736725,82.4800033569336,-0.3384546,8.30699028252646,-0.0702901,10,0
Brazil,2015,6570.0,1.34264,0.2934390419442206,12.2558064491267,6.24105978012085,3.59214478752915,3.6756501619455513,26.9536426160569,8814.00098681261,-3.54576339269425,11.9076231405634,81.3600006103516,-0.3964888,8.3106333543293,-0.3314581,10,0
Brazil,2016,7216.0,1.26417,0.2910317715601599,12.2542338235212,6.314040184021,4.1373620835702,4.052694992285508,24.5336980295177,8710.09668954121,-3.27591690782192,11.9152906841139,81.6600036621094,-0.3814404,8.31421084744562,-0.3772054,10,0
Brazil,2017,7505.0,1.26326,0.2886921715839419,12.314463658985,6.32254981994629,3.3393463192874,4.223909855,24.3277137261615,9925.38623770041,1.32286905404399,11.9253580991488,81.5899963378906,-0.5320805,8.31771624303216,-0.4198374,10,0
Bulgaria,2007,346.0,0.43024,0.0,10.6474328667995,3.68264007568359,31.2470189183636,2.7834420289855077,123.609646159658,5885.10434781837,6.55708105188404,22.0425327146838,74.3899993896484,-0.1834969,6.87767869914766,0.3582801,8,0
Bulgaria,2008,430.0,0.44787,0.0,10.7359098710792,4.2223801612854,18.9142471117291,2.856393606145251,124.785885742919,7265.73549682997,6.08562760690579,22.2792817874142,75.4899978637695,-0.2546794,6.87463028740087,0.3706311,8,0
Bulgaria,2009,397.0,0.4947,0.0,10.7161996058687,4.27628993988037,7.49020002576984,2.633813124378109,92.6926468702512,6988.23332468094,-3.37483832880535,22.506530875478,74.8499984741211,-0.2125671,6.8718322089954,0.353604,8,0
Bulgaria,2010,391.0,0.56387,0.0,10.7022738994079,3.88239002227783,3.65786666432724,2.7649704511932036,103.67486497353,6812.40633845402,0.559446489731144,22.7407004009227,74.5999984741211,-0.1851036,6.86897335505494,0.3600911,8,0
Bulgaria,2011,395.0,0.53191,0.0,10.7588075951045,3.56643009185791,3.66605452575259,2.8961277780082986,117.82799141172,7809.42506245471,2.35455692273156,22.974840370663,73.2399978637695,-0.2203161,6.86618853323677,0.3017503,8,0
Bulgaria,2012,371.0,0.60479,0.0,10.7326610929747,3.49484992027283,3.30927713792623,2.98821032195122,124.49021905247,7395.84980340721,0.356586982837044,23.1974396564401,73.3300018310547,-0.2278577,6.86367301014871,0.379834,8,0
Bulgaria,2013,500.0,0.63724,0.0,10.7451950468952,4.07420015335083,3.57641963105295,3.043094623880597,130.061302046188,7655.12970759319,0.325769436153124,23.3698078619312,73.4899978637695,-0.2672882,6.86124249316537,0.1707104,8,0
Bulgaria,2017,425.0,0.75239,0.0,10.7706423263423,4.09250020980835,3.42595880090917,3.186425924,130.224304689056,8334.08172775332,3.50275153013627,23.977110796381,74.5199966430664,-0.1611153,6.84978457131319,0.3319523,8,0
Canada,2007,22900.0,1.90857,6.689161506003903,12.1658308627482,4.78036022186279,8.22207237541267,5.658683553299772,66.4573075094755,44543.0410359004,6.86860885703047,19.7256195487836,77.7300033569336,2.0009,7.51705099894948,1.006867,5,1
Canada,2008,22347.0,1.8604,6.316336952875133,12.1900882033823,4.63825988769531,4.52638317046757,5.550162192801253,67.1905466860828,46594.4509535289,1.00762269545756,19.816099843437,77.6399993896484,2.002689,7.52175400479871,1.04185,5,1
Canada,2009,22105.0,1.92227,6.541993128230946,12.1370859197886,4.85264015197754,1.52799070082776,5.473697588268156,58.6224650926874,40773.061528975,-2.92840016684549,19.8949091397411,77.7099990844727,2.061789,7.52671259721988,1.126739,5,1
Canada,2010,24224.0,1.82958,6.763733297291457,12.2077593935719,5.36992979049683,1.84167335240663,5.457925004772376,60.3499363166922,47448.0132198383,3.08949461982786,19.9808360690005,77.1699981689453,2.069799,7.53154136154461,0.9363182,5,1
Canada,2011,24970.0,1.79132,2.6209016087909465,12.2525248584489,5.27443981170654,2.14342522627281,5.442152421276596,62.6449640153634,52087.446383568,3.14688137207058,20.0827454327576,76.6900024414063,1.977883,7.5357917920262,1.077176,5,1
Chile,2009,506.0,0.35202,1.184400077080757,11.2365108061148,4.23064994812012,8.03710561832577,3.5701850784530387,66.3372029179199,10208.9067622861,-1.5642394429907,42.3290026332101,83.5999984741211,1.380127,7.22753156868283,0.6032314,8,0
Chile,2010,547.0,0.32947,1.1721586990351258,11.3395260723658,4.16208982467651,7.33040295464986,3.598828078849161,69.0637159959816,12808.034586422,5.84417729578996,42.1977254812586,83.8399963378906,1.497289,7.2320435806975,0.6796045,8,0
Chile,2011,679.0,0.35144,0.5802626222207161,11.4018346045382,4.04518985748291,10.1346850309879,3.627471079245283,72.2056659465459,14637.2402355403,6.11091882913644,42.0838522534591,84.4400024414063,1.528443,7.23637540373515,0.4525534,8,0
Chile,2013,805.0,0.3887,1.1382063018271569,11.4446448093917,4.52942991256714,7.97833691854143,3.8355863625,64.97347660553,15842.9408052125,4.045004298149,41.8802151562933,84.25,1.541565,7.24480900985716,0.3637425,8,0
Chile,2014,998.0,0.37503,1.1261921377260908,11.4158771257842,4.73094987869263,9.04194921629608,3.921684468608892,65.2725878378209,14670.996760602,1.76673978363866,41.7411286714795,82.9100036621094,1.488503,7.24941750458413,0.4475169,8,0
Chile,2015,851.0,0.38073,1.1130061277108865,11.3872457827659,4.87530994415283,8.55986294079936,4.236108218439927,58.9722752972023,13574.171830724,2.30376703612392,41.5540373322074,83.9300003051758,1.27997,7.25453244029271,0.4334392,8,0
Chile,2016,945.0,0.36949,0.5491769265730679,11.3987039315717,5.34201002120972,4.92278292827018,4.340419089275858,55.6880414942094,13753.5944374598,1.71108928867399,41.3044921734025,82.9599990844727,1.140054,7.26028771774355,0.4131105,8,0
Chile,2017,877.0,0.35518,1.082811296472163,11.4425502386156,5.4194598197937,2.21185081608949,4.380179405,55.6556655521952,14999.3700885512,1.18857258229855,41.0126197826741,82.4599990844727,1.039302,7.26647721774732,0.4170224,8,0
Colombia,2007,204.0,0.18498,0.0,11.3142503832689,4.08301019668579,4.30967543381153,3.530550984174172,37.0988970982903,4714.07305530503,6.73819469090975,23.0002809443003,75.0100021362305,-0.2159635,7.64085407464576,-1.80328,12,0
Colombia,2008,205.0,0.20164,0.0,11.3841507395318,3.9387800693512,4.36198207878709,3.4031612130674755,39.1676494164355,5472.53652992425,3.28344618616541,23.2722861083463,75.2600021362305,-0.2376168,7.64596207030754,-1.850909,12,0
Colombia,2009,260.0,0.196,0.0,11.3662320791515,4.77651977539063,3.45732686886784,3.004728442975207,35.1561285074585,5193.24145795078,1.13964864548062,23.5627656088855,77.0,-0.309453,7.65079356371646,-1.831908,12,0
Colombia,2010,242.0,0.19532,0.0,11.4572202745373,4.83382987976074,2.24383070981721,3.0948055231442297,34.2646031687681,6336.70947398466,4.49465897070922,23.8749851981533,78.0299987792969,-0.385391,7.65535647852741,-1.537185,12,0
Colombia,2011,405.0,0.20625,0.0,11.524972036432,4.46608018875122,4.37298435526367,3.1848826033132527,39.4704235545367,7335.16693447605,6.94789198173555,24.2136792449006,78.9000015258789,-0.2887937,7.6595620344222,-1.284656,12,0
Colombia,2012,346.0,0.234,0.0,11.5692817972067,4.37038993835449,4.05475909597831,3.22874413144208,38.835151018669,8050.2553716705,3.91263576716115,24.5769647956777,80.0400009155273,-0.3874514,7.66347213985143,-1.40181,12,0
Colombia,2013,380.0,0.27128,0.0,11.5821953666071,4.87855005264282,4.24227326182844,3.2261303061224487,37.9866487978457,8218.34784431477,5.13399351995672,24.9445338401043,79.5,-0.405205,7.66741084763337,-1.291972,12,0
Colombia,2014,460.0,0.30563,0.0,11.5810527598891,4.62945985794067,4.24250654263701,3.1862973202108917,37.4874656411103,8114.3439208516,4.49903000110972,25.2948197241972,79.4700012207031,-0.3686264,7.67179934885962,-1.114594,12,0
Colombia,2015,557.0,0.28975,0.0,11.4675810974583,4.47038984298706,3.99477553061049,3.7424609065055847,38.3607641184453,6175.87602970259,2.95590137527523,25.6111423519996,79.4899978637695,-0.2981746,7.67688252777252,-1.069147,12,0
Colombia,2016,750.0,0.26694,0.0,11.4515178109801,4.47721004486084,4.89624405592123,4.182536907494068,36.202652984202,5870.77795724164,2.08738250162794,25.8834620078785,78.9700012207031,-0.3242517,7.68282215604414,-0.8824593,12,0
Colombia,2017,784.0,0.24294,0.0,11.4939927205225,4.53551006317139,4.43649182871208,4.02251339,35.2829149424588,6376.70671552601,1.35936086788746,26.1208626144662,78.4800033569336,-0.3700264,7.68939627762302,-0.7726035,12,0
Colombia,2018,637.0,0.23699,0.0,11.523185582744,4.45748996734619,3.45809188974612,4.02251339,36.5618892194281,6716.91159778134,2.5153244557176,26.360100139578,77.4400024414063,-0.2874098,7.69601595021848,-0.7874593,12,0
Costa Rica,2007,52.0,0.35842,0.0,10.4272259180544,4.65889978408813,8.3812979385263,3.727734375,86.9115336752236,6071.78916451552,8.16789615043734,38.2375047913438,80.9800033569336,0.5165263,6.64390923525218,0.5834517,11,0
Costa Rica,2008,39.0,0.38831,0.0,10.4859048567074,4.9171199798584,7.9577892488515,3.5120765,86.9344295868602,6859.07902178333,4.64959823286544,37.6452148912386,79.9800033569336,0.5518208,6.64963905041884,0.3603145,11,0
Costa Rica,2009,48.0,0.52028,0.0,10.4851869030153,6.04635000228882,5.28301613200829,3.544326621052632,70.1778204869585,6760.47751541355,-0.970548312824846,37.1018193945047,79.4800033569336,0.7520683,6.65520953030076,0.5871099,11,0
Costa Rica,2010,33.0,0.48492,0.0,10.571343242156,6.63444995880127,5.11670166270877,3.5219195466965285,68.2185760468363,8141.91312675461,4.95186384401947,36.6033545821878,75.1500015258789,0.7081604,6.66061677795836,0.6915372,11,0
Costa Rica,2011,36.0,0.46782,0.0,10.6259572168004,6.45534992218018,6.46733166515868,3.499512472340425,69.4510688833182,9121.93251763187,4.30710165992471,36.1482116457847,73.8000030517578,0.6489542,6.6658703617138,0.508276,11,0
Costa Rica,2012,44.0,0.55606,0.0,10.6672019074999,6.6898398399353,5.80183712641694,3.6194273212435233,68.1445367713398,9913.20995852366,4.79691991858159,35.7453784528187,77.4800033569336,0.6182616,6.67098760301003,0.6384025,11,0
Costa Rica,2013,69.0,0.55567,0.0,10.6967502044526,6.84933996200562,6.44362106587432,3.8469110852941175,65.618374542571,10490.0813312933,2.26902740046155,35.3893976020194,79.25,0.6259013,6.67597134909078,0.677918,11,0
Costa Rica,2014,48.0,0.57209,0.0,10.7039596757693,6.86952018737793,6.41022687906809,4.027519960819546,67.0455482227914,10547.1518593556,3.51533856391144,35.0792438198717,77.7799987792969,0.7554398,6.68082447668158,0.5774182,11,0
Costa Rica,2015,67.0,0.44993,0.0,10.7385902710818,7.0825400352478,5.39565134139048,4.336153699621299,62.518296398852,11299.1355423011,3.63173144154423,34.8107776482716,78.0500030517578,0.7484275,6.68554505269305,0.6820255,11,0
Costa Rica,2016,58.0,0.42926,0.0,10.7570769666188,7.09768009185791,4.58454781040966,4.519236484586884,63.9275351988347,11666.4559107759,4.245989878198,34.5815130657533,74.6100006103516,0.7442378,6.69013802249792,0.6614283,11,0
Costa Rica,2017,82.0,0.42336,0.0,10.7670211622538,7.31572008132935,4.90568344691651,4.847202301,65.8144121143357,11814.6265687665,3.86019845392708,34.3879060371066,74.9300003051758,0.4666447,6.6946011630469,0.6086774,11,0
Croatia,2007,548.0,0.79187,0.0,10.778682407618,3.96519994735718,7.73354851084329,3.7501431901431914,84.2046393728707,13937.448387519,5.06762513457255,29.2707901291276,75.8399963378906,0.0918284,6.63449913548097,0.6047199,7,0
Croatia,2008,528.0,0.88397,0.0,10.8465500372834,4.28182983398438,7.47442588620113,3.6720101113693326,83.0676643908534,16296.8059238498,1.89345290008815,29.1694902556023,75.3399963378906,-0.0105806,6.63444754365102,0.5717462,7,0
Croatia,2009,423.0,0.84323,0.0,10.7965749850607,4.3918399810791,4.90350582849368,3.5105148387096774,70.9411958924021,14540.6416034433,-7.32353731934752,29.0959282555158,75.370002746582,-0.0464476,6.63399141494154,0.6115873,7,0
Croatia,2010,404.0,0.7422,0.0,10.7775595821533,4.24204015731812,2.57859461277261,3.5150312443548386,73.9011973201965,13949.3264974977,-1.31656297984225,29.058186863351,74.6999969482422,0.0592684,6.63300634267859,0.6084636,7,0
Croatia,2011,366.0,0.75041,2.336109098163772,10.7961429558678,4.15010976791382,1.9971575751643,3.51954765,79.227980935668,14609.5243524166,-0.198369263496232,29.0556330195268,72.370002746582,0.063671,6.63150687918629,0.6237471,7,0
Croatia,2013,411.0,0.81016,2.349795767500868,10.7648787278928,4.56486988067627,1.610661994771,3.5276528454545453,82.6886921902069,13674.4178049999,-0.447092176997273,28.9944125594662,72.8099975585938,0.1242202,6.62896988279288,0.6426679,7,0
Croatia,2017,280.0,0.8645,0.0,10.7441493221224,3.91712999343872,0.859425352928817,3.806608915,99.1495932321043,13451.6249479152,3.43921735228665,29.3482762633661,72.2600021362305,0.1867018,6.61537457211212,0.6918686,7,0
Czech Republic,2007,1.0,1.30228,0.9709842712199874,11.279173522663,3.86663007736206,7.26437054022737,3.880575489200826,129.77901730598,18466.5479299216,5.57033885921025,16.0252916138194,76.9599990844727,0.3026025,7.01278780508447,1.015041,11,1
Czech Republic,2008,1.0,1.23933,0.9629641113868292,11.3744119321163,3.74454998970032,3.72245749433628,3.9346894545350057,123.742499121909,22804.5776774507,2.68641195092762,15.9996830093538,76.4400024414063,0.358294,7.01638989825148,1.049845,11,1
Czech Republic,2009,1.0,1.29438,0.957493420105217,11.3168805634411,4.17127990722656,2.54134141893611,4.02140708,112.797244532562,19861.6974295256,-4.65733109171755,16.0156188788798,75.4899978637695,0.3862098,7.01886420182076,0.9050642,11,1
Czech Republic,2010,1.0,1.33688,0.9547077114605976,11.3202915966042,4.06445980072021,4.86336501936901,3.8726873854545456,128.028911534811,19960.0684872157,2.43490215904518,16.0761806061205,74.8499984741211,0.3316386,7.02012956949411,0.9892337,11,1
Czech Republic,2011,1.0,1.55571,0.0,11.3609013872416,4.27214002609253,1.82465874546556,3.723967690909091,137.862818884663,21871.2660754128,1.76035962445222,16.150868794654,74.6999969482422,0.3417933,7.02102746320481,1.109118,11,1
Czech Republic,2012,1.0,1.78231,0.9514037248407232,11.3198505312957,4.2508602142334,4.51656746777655,3.8221700120253166,146.528856576028,19870.8012123403,-0.785004299003617,16.2187065343711,74.6600036621094,0.2722682,7.02163515260646,1.054106,11,1
Czech Republic,2013,1.0,1.89973,0.9510881970715612,11.3256913500055,4.0908899307251,3.47571024002001,3.819623710328639,146.42241704968,20133.1691431353,-0.0459036735515213,16.2859415695226,75.7900009155273,0.228799,7.02177920785181,1.084779,11,1
Czech Republic,2014,1.0,1.97285,0.95008744129766,11.3208912912096,3.99462008476257,3.86353982265705,3.92442430357469,157.574982178056,19890.9199056648,2.26210289708078,16.3416093976104,75.7699966430664,0.3677951,7.02223642257906,0.9899905,11,1
Czech Republic,2015,1.0,1.92923,0.9482215109928742,11.2742341916616,5.78884983062744,0.904050969999615,4.587511623737424,155.175663480909,17829.6983223668,5.38838083815307,16.3827564277278,75.620002746582,0.4337359,7.02309019666572,0.9791891,11,1
Czech Republic,2016,2.0,1.68015,0.946402214126908,11.29285849967,5.58737993240356,5.52835275386419,4.894705047892101,150.586267345414,18575.2320271915,2.5372845203138,16.4248969274408,75.6800003051758,0.5367572,7.02392425233831,0.9761155,11,1
Czech Republic,2017,1.0,1.79079,0.9438915023147052,11.3397076510431,3.85402011871338,5.13872541173649,4.999854088,150.532652492994,20636.199952435,5.16872430413071,16.452115777536,76.1999969482422,0.5676827,7.02507792376769,0.9998168,11,1
Denmark,2007,9778.0,2.51541,7.3240783837516785,11.5043667614017,7.61560010910034,3.69711411627472,6.3073441821175305,100.067851177026,58487.0549677696,0.909238928302372,24.4501244366718,81.5899963378906,2.446026,6.73730700776703,1.117682,9,1
Denmark,2008,10771.0,2.77346,7.281172108523686,11.5482186630005,7.47604990005493,0.620106753447922,6.223399367645857,104.828229903848,64322.0635020842,-0.512016744849106,24.5306305600947,79.9899978637695,2.393064,6.73985869453008,1.065299,9,1
Denmark,2009,9804.0,3.05514,7.242316128909606,11.5068313797428,8.44888019561768,1.17390242059711,5.993508291089109,89.7550392904332,58163.2768762815,-4.90654772965155,24.6313244322013,78.8300018310547,2.446495,6.74218251337051,1.000632,9,1
Denmark,2010,11242.0,2.91707,7.210217310542077,11.5078495047862,8.55955028533936,-3.65466908301772,5.922691235250436,94.0999768880069,58041.3984363385,1.87099114718497,24.7628143982558,78.3300018310547,2.358993,6.74411163710132,1.040961,9,1
Denmark,2011,11819.0,2.94465,3.59029557467348,11.5365624037374,8.48486042022705,3.94150318758658,5.851874179411764,101.245795489044,61753.647131977,1.33677776690328,24.9165669213184,78.9000015258789,2.404429,6.74589979188633,1.100293,9,1
Denmark,2012,10949.0,2.98125,7.153623345992862,11.5147455225335,7.23782014846802,-4.99767032555428,5.283096628571428,103.240970340292,58507.5080517852,0.226499791802965,25.0939948380826,78.5899963378906,2.381079,6.74753392147297,0.9149107,9,1
Denmark,2013,12207.0,2.97048,7.1238618740173525,11.5360334264772,8.49442958831787,0.198012180552081,5.011069733554817,103.050141083868,61191.1937042028,0.933340972371226,25.2704235087789,77.8000030517578,2.404901,6.74934450107769,0.9592335,9,1
Denmark,2014,12537.0,2.91409,8.859789402805895,11.547766870322,7.634850025177,1.86330528301876,5.278815454206487,102.263916342342,62548.9847332908,1.61939381103033,25.4336087392542,76.7600021362305,2.24726,6.75154660550611,0.9517797,9,1
Denmark,2017,12900.0,3.046,8.673056975045881,11.5212964203282,7.81608009338379,1.08613294747868,5.648696899,102.979389908635,57610.0981801136,2.82173634129026,25.7744496976087,76.5299987792969,2.193404,6.76079780496902,0.8682193,9,1
Ecuador,2009,19.0,0.39463,0.0,10.7960167881442,4.34242010116577,0.493652335536362,2.272119062585034,52.1048490230741,4231.61579767847,0.566491592100093,26.5469374033658,80.6399993896484,-0.8042204,7.16951055835209,-0.6731879,6,0
Ecuador,2010,15.0,0.40297,0.0,10.8423306464568,4.50743007659912,0.23850542024117,2.508700643027211,60.3032387134123,4633.59035839904,3.52529866894027,26.4843760709482,79.6100006103516,-0.773099,7.17641300995727,-0.5866745,6,0
Ecuador,2011,19.0,0.33991,0.0,10.8991453665419,4.72689008712769,0.814974200589349,2.745282223469388,64.4902388929988,5200.55579014874,7.86814091910996,26.4865540756834,79.5599975585938,-0.7084506,7.18309560681166,-0.6865575,6,0
Ecuador,2012,15.0,0.33236,0.0,10.9441101246285,4.64307022094727,0.645345741976643,2.839347,61.7511124083851,5682.04500655353,5.641962066712,26.5361435059841,79.8899993896484,-0.5780621,7.18960545525204,-0.5703065,6,0
Ecuador,2013,27.0,0.3799,0.0,10.9783159399856,5.00464010238647,0.764305489903436,3.5520096674603177,59.6061560569664,6056.3308269681,4.94651126690626,26.5851115790951,79.2799987792969,-0.5709541,7.196106349517,-0.1786567,6,0
Ecuador,2014,50.0,0.44266,0.0,11.0074333809257,5.26099014282227,0.759282221720076,3.66196970418304,57.7081689892069,6377.09153014217,3.78886854920833,26.6229438212669,78.4300003051758,-0.7549306,7.20281073048217,-0.0185332,6,0
El Salvador,2010,4.0,0.07806,0.0,10.2659474066227,4.04806995391846,-0.613406192808094,2.7894387098155153,73.5372876725398,2983.22977097694,2.10508575234947,26.8421507756697,88.4899978637695,-0.2769412,6.79126070222998,0.0588422,8,0
El Salvador,2011,9.0,0.0355,0.0,10.3071491056072,3.89849996566772,0.603930549048206,2.6463253785714285,79.2766046187621,3266.01206202074,3.81535613789634,26.4360030773272,86.6600036621094,-0.2619075,6.79313132126919,0.1110012,8,0
El Salvador,2012,8.0,0.03397,0.0,10.330132405517,3.71247005462646,2.01124039930733,2.4214184241935484,77.6485611709266,3428.4071797616,2.81439012871923,26.0426148625901,86.0500030517578,-0.412717,6.79504000958728,0.234584,8,0
El Salvador,2013,8.0,0.06387,0.0,10.3422443860846,3.80149006843567,1.11490806581123,2.894211661538461,80.4511124338763,3509.53149262616,2.23572988800409,25.6612723404086,88.6900024414063,-0.3539,6.79699524219649,-0.0336589,8,0
El Salvador,2014,1.0,0.09377,0.0,10.3539831290345,3.82416009902954,2.24089414446084,3.538499387070523,78.1044354388965,3589.04219262897,1.71122320586494,25.2904140640532,87.3899993896484,-0.3768737,6.79900456512355,-0.02459,8,0
El Salvador,2015,10.0,0.14348,0.0,10.3699249969798,3.90987992286682,2.10997804482034,3.4144225471898126,76.5603134023715,3705.57794598177,2.39502829799937,24.9297341044606,84.1999969482422,-0.4236757,6.80106904399614,-0.0169974,8,0
El Salvador,2016,8.0,0.14515,0.0,10.3836617205917,3.82523989677429,1.98197949652365,3.3571451599918194,72.8190632719673,3805.99366628473,2.54653313501558,24.5830528989919,84.3499984741211,-0.5230461,6.80319365936799,-0.0992914,8,0
El Salvador,2017,11.0,0.18115,0.0,10.3975785252651,3.7252299785614,2.01688370797704,3.230345011,74.30466147835,3910.25719295906,2.24994225188968,24.250263664544,82.3399963378906,-0.5067153,6.8053732016776,-0.2600329,8,0
Estonia,2007,114.0,1.06884,0.0,10.3511308918129,4.62063980102539,13.5133309245829,4.660904425439716,134.008771282043,16741.9392266596,7.57358007607853,43.1276440935688,81.7099990844727,1.003259,6.12732513070886,0.6338796,11,1
Estonia,2008,153.0,1.25952,0.0,10.3868786823793,5.47737979888916,8.11308653035083,4.762029082909415,136.522920690268,18227.1195304476,-5.08894290133486,43.2578995397816,80.5199966430664,0.9905757,6.12616064076077,0.5707842,11,1
Estonia,2009,270.0,1.39541,0.0,10.2954375809443,5.92651987075806,9.45242335508754,4.607248181818182,116.10783453284,14794.9711049549,-14.4338673230625,43.3561133773996,80.5100021362305,1.007584,6.12532345963766,0.5657759,11,1
Estonia,2010,304.0,1.58162,0.0,10.2943252954407,5.47338008880615,13.1629261458393,4.702870507575757,142.521910642035,14790.8209234701,2.69032839901406,43.4706696593522,79.7799987792969,0.9951673,6.1243330164648,0.661367,11,1
Estonia,2011,275.0,2.30655,0.0,10.3690586293153,4.96992015838623,4.78441683274804,4.7984928333333325,165.904128052716,17621.5479628944,7.44393610392831,43.61866738196,79.379997253418,1.052501,6.12301457301371,0.6110413,11,1
Estonia,2012,291.0,2.12265,0.0,10.3653514785714,4.68269014358521,7.70648020428168,4.748905615168539,169.491766458068,17534.421349913,3.12484637290247,44.0925203177883,80.7699966430664,1.096038,6.12146004018653,0.6364652,11,1
Estonia,2013,273.0,1.72216,0.0,10.4026294171605,4.81267023086548,4.3446022601445,4.806707877966101,165.380590070335,19174.1003261509,1.34618473238244,44.8762928163627,80.629997253418,1.188761,6.11991442172618,0.7482154,11,1
Estonia,2014,278.0,1.42931,0.0,10.4277047207718,5.3670802116394,6.65452895437801,4.944567756964752,159.195187906436,20367.103161316,2.98732482453686,45.6330152758943,79.8600006103516,1.303456,6.11877545762928,0.7802579,11,1
Estonia,2015,236.0,1.46604,0.0,10.3626495299287,5.10685014724731,-3.10412314619465,5.2316701299053125,149.841573672489,17522.230186252,1.84488667705067,46.2509542207392,81.2699966430664,1.293648,6.11906014864783,0.6209198,11,1
Estonia,2016,275.0,1.2468,7.599996960001216,10.3848827924233,5.17053985595703,3.81607303706807,5.452931647112141,149.149697457829,18437.2528207173,3.18781708302028,46.8955655687279,81.1699981689453,1.272345,6.11918658143697,0.6739078,11,1
Estonia,2017,285.0,1.28867,7.590801163518003,10.4305853392908,4.97338008880615,6.4078551551167,5.418524265,147.320392519864,20458.4607286705,5.49915471010711,47.4986937555439,81.9199981689453,1.242427,6.11971238450863,0.6496198,11,1
Finland,2007,13490.0,3.34577,9.454083407705456,11.4083291214654,5.67125988006592,8.58392364604491,6.331890691561679,82.8574024974341,48414.8450929722,5.29933650739021,24.705270382808,78.9700012207031,2.40055,6.72335057483259,1.487837,11,1
Finland,2008,13356.0,3.54708,11.292206739979438,11.4541646595799,5.83010005950928,6.82002914651191,6.204019563135592,86.184335829923,53554.0389224673,0.783995060876521,24.8102353181467,78.8099975585938,2.33726,6.72537242968574,1.445845,11,1
Finland,2009,11427.0,3.74883,9.365275916949482,11.4022554086079,6.45955991744995,-3.49542361837802,6.089127312711865,70.1233032732315,47293.9928335042,-8.0744474323113,24.9264565069069,77.7099990844727,2.251192,6.72744942738254,1.459815,11,1
Finland,2010,13049.0,3.72598,11.187033780367203,11.3965152563634,6.50444984436035,4.90446686959507,6.169456444591226,75.4644073922495,46459.9732548543,3.18595865407703,25.0618979362903,77.1100006103516,2.159788,6.72943630090508,1.423607,11,1
Finland,2011,11700.0,3.63881,5.567647661439511,11.4397173837263,6.44504976272583,-2.18279337702034,6.249785576470588,78.5795816119355,51081.9976703127,2.54766483842627,25.2279433873635,76.4499969482422,2.198592,6.73144951079213,1.393471,11,1
Finland,2012,12940.0,3.41948,9.235365316881085,11.4121325348215,7.14803981781006,1.90901997719354,6.278548952173913,79.170500952561,47710.7902169415,-1.39754572817782,25.3981534276148,76.4300003051758,2.235261,6.73351592513716,1.400765,11,1
Finland,2013,12709.0,3.28719,9.19291366089033,11.4334262304799,7.12404012680054,-1.82121067167557,6.241069942105263,77.0938865804298,49878.0432444536,-0.901696316194844,25.6134386626133,75.2600021362305,2.202126,6.73551682305919,1.385172,11,1
Finland,2014,14070.0,3.16931,9.154973933958216,11.4385379675363,7.10236978530884,6.28403471753317,6.193635766397472,74.1127227557674,50260.2998588958,-0.364908156882066,25.881161509535,74.8499984741211,2.165775,6.73731289221979,1.282197,11,1
Finland,2015,13191.0,2.89157,10.949842240147923,11.3700318627569,7.03208017349243,7.18700339476189,6.312331487193251,71.3825484305887,42784.6983616432,0.543659211765487,26.1737113832541,74.8199996948242,2.275324,6.73874338826018,1.040587,11,1
Finland,2016,12566.0,2.74264,9.098679363085164,11.3813098953004,6.85153007507324,2.12963705332205,6.448458071836491,70.8985003539937,43784.2839622098,2.81145776663433,26.4812254060929,74.1399993896484,2.239528,6.73999164354752,0.9990865,11,1
Finland,2017,12627.0,2.7569,9.07735247759074,11.4069355613405,6.37621021270752,6.71902612296778,6.483170509,75.1753838527351,46336.6632530127,3.27017227416624,26.8065126713766,73.9499969482422,2.215836,6.74101080471737,1.080675,11,1
Germany,2007,6.0,2.44709,4.983810395820057,12.534182160753,4.36679983139038,1.48622562106473,6.479026369168357,79.8744173951311,41587.2128984264,2.97645513131597,5.43240769520547,73.9199981689453,1.73584,7.91522234506209,0.9960085,11,1
Germany,2008,2.0,2.59957,4.871508068002892,12.5717120722007,4.43594980239868,0.829879478203399,6.038890052941177,81.5248047312183,45427.151677489,0.95987913356484,5.44814796571915,73.4100036621094,1.759813,7.91439656517984,0.9458345,11,1
Germany,2009,6.0,2.72644,4.883867312797428,12.5311966684445,4.90951013565063,1.66878763023798,5.721534984076433,71.2287128996251,41485.9016495139,-5.69383633640285,5.46762722652178,73.5299987792969,1.755258,7.91329613501144,0.8605308,11,1
Germany,2010,6.0,2.71367,4.769071179365623,12.5310129598673,4.94367980957031,2.53323122929551,5.636112130075026,79.8686242395882,41531.9341978689,4.17988249873657,5.48200082261908,73.4700012207031,1.77627,7.91263080261003,0.7968345,11,1
Germany,2011,6.0,2.79562,2.1177207848178554,12.5733832343525,4.82487010955811,2.60482800628751,5.550689276073619,85.2061212670221,46644.776027968,3.92519270463411,5.59078802761574,74.3899993896484,1.743273,7.9045802222671,0.8422185,11,1
Germany,2012,1.0,2.86813,4.600512449838406,12.5474479320268,4.95658016204834,1.85530728263463,5.58573806936937,86.5140548790483,43858.3630551076,0.418497594217598,5.59989841553499,74.1600036621094,1.829577,7.90539551374597,0.7756213,11,1
Germany,2013,1.0,2.82105,4.711974074718641,12.5720281416219,4.96111011505127,1.8002762693752,5.555116237710438,85.0788766962491,46285.7640688407,0.437591303144671,5.60419237869154,73.9800033569336,1.813811,7.90658070431943,0.9279839,11,1
Germany,2014,1.0,2.86691,4.815855277374741,12.589270293205,4.93962001800537,0.501769128514645,5.408997798160845,84.6200933924979,47959.9932737599,2.20954343134872,5.60044960204377,73.6399993896484,1.83838,7.9083911796866,0.9251865,11,1
Germany,2015,1.0,2.91197,4.774344231271878,12.525852453171,4.83498001098633,1.85989513317903,5.654347310143132,86.2462246132087,41086.7296737253,1.49193152760772,5.57164605332296,73.3399963378906,1.837888,7.91215087849897,0.6998243,11,1
Germany,2016,1.0,2.91712,4.614525099367422,12.5400162195145,4.84021997451782,1.86612350328953,5.796556711575342,84.7696459674487,42107.5172703074,2.22999986782015,5.54525584413967,73.75,1.843418,7.9156565840689,0.6813634,11,1
Germany,2017,1.0,3.03763,4.476329785103989,12.5661548412848,4.90511989593506,3.21038153715994,5.739009857,87.4116986619057,44552.8193719078,2.60197600462604,5.54203552537168,73.5599975585938,1.84111,7.91727964921004,0.5875772,11,1
Guatemala,2010,13.0,0.0435,0.0,10.616349551408,2.80306005477905,2.6669407090388,2.530885609646739,62.1149322674463,2898.94221470448,2.86948775349356,37.0892346636886,87.5599975585938,-0.5322092,7.15410999286054,-0.8529245,8,0
Guatemala,2011,6.0,0.04814,0.0,10.6781065040544,2.92014002799988,1.83981652865354,2.52072670625,63.9841958323572,3281.66750176033,4.16204893702583,36.6884314653464,85.8199996948242,-0.527978,7.162011927784,-0.7441414,8,0
Guatemala,2012,14.0,0.04471,0.0,10.7023310933805,2.95785999298096,2.77805645243049,2.6455921378881984,60.982474528549,3408.78491640236,2.96985740798783,36.308502154863,87.25,-0.6587613,7.16973149390184,-0.6338202,8,0
Guatemala,2013,8.0,0.03854,0.0,10.7242475213432,2.88808989524841,2.87215633972954,2.894268249112426,56.6852211287477,3522.77369775434,3.69758610019475,35.9310718830919,85.8399963378906,-0.6226556,7.1773627762526,-0.6741562,8,0
Guatemala,2014,15.0,0.02905,0.0,10.7623213781033,2.98562002182007,2.43301105429375,3.064203245047322,55.0832795275351,3779.64231923143,4.44397783368888,35.56113309527,79.6399993896484,-0.7359639,7.18487067512695,-0.6555635,8,0
Guatemala,2015,11.0,0.02988,0.0,10.7936939255241,3.03032994270325,1.93508421445702,3.534067906823548,49.8934531124087,3994.63691288475,4.09217058626777,35.1997732413187,85.2099990844727,-0.7331991,7.19221661468927,-0.6550602,8,0
Guatemala,2016,7.0,0.02224,0.0,10.8198973143444,2.94474005699158,1.28045247920901,3.902127102960514,46.3727375188895,4173.30166619474,2.6778030030534,34.8483206695851,82.5599975585938,-0.7398213,7.19941753561675,-0.5425926,8,0
Guatemala,2017,67.0,0.028,0.0,10.8549879416212,2.951819896698,1.39409533848079,3.827528477,46.1238216908559,4451.45098144235,3.02343025000842,34.5023974307696,82.0999984741211,-0.7398767,7.2064863462535,-0.650593,8,0
Hong Kong,2009,1343.0,0.77342,0.0,11.3305079584147,4.39212989807129,25.3569801987172,5.26470995,348.397554309339,30697.340383517,-2.45906955326957,100.0,75.8600006103516,1.886195,6.84340720856616,0.9661998,8,1
Hong Kong,2010,1490.0,0.74946,0.0,11.3591478380411,3.51003003120422,36.1747620158536,5.381256955645162,404.770560908659,32549.998231121,6.76768717773115,100.0,73.9499969482422,1.962114,6.846596868738,0.9358106,8,1
Hong Kong,2011,1656.0,0.72086,0.0,11.3953501915404,3.41822004318237,38.684029536737,5.497803961290323,421.854706554386,35142.4879344543,4.81464611103351,99.91819390237,77.629997253418,1.852427,6.84951768714277,0.9485961,8,1
Hong Kong,2012,1607.0,0.72733,0.0,11.4193434101062,3.50960993766785,28.5143719894717,5.5807374875,430.568530415663,36730.8767001128,1.70028200813559,99.3888057509685,75.3300018310547,1.740711,6.8543121158073,1.006289,8,1
Hong Kong,2013,1743.0,0.73017,0.0,11.44043185106,3.76031994819641,27.8775202185389,5.742956106976744,442.620019127299,38403.7777145477,3.10155447030706,99.577525804789,74.9300003051758,1.643634,6.85605790377875,0.9228683,8,1
Hong Kong,2014,1831.0,0.74014,0.0,11.4645780024308,3.57255005836487,44.550793381462,5.800300270264268,425.975871734797,40315.2855640552,2.76245151179583,99.516743896535,74.8899993896484,1.61964,6.85910826205942,1.153229,8,1
Hong Kong,2015,1936.0,0.76183,0.0,11.4904973265602,3.26212000846863,58.5187499629812,5.978952342066272,389.405949263639,42431.8882817277,2.38779246272878,99.3746108375736,75.5400009155273,1.651314,6.86280496761735,1.046295,8,1
Hong Kong,2016,2134.0,0.79149,0.0,11.506285310858,3.29264998435974,41.5347722352985,5.978952342066272,371.751113659525,43731.1068245299,2.16942653450691,99.5398822342775,75.2099990844727,1.561687,6.86549484147789,0.7508071,8,1
Hungary,2007,1540.0,0.95674,1.9889058829847115,11.1460225560359,5.14305019378662,50.4631812562539,4.441949023199022,155.346864986064,13918.9601910137,0.242181101313662,25.7725444477173,75.870002746582,0.6228059,7.00241576330249,0.747174,11,0
Hungary,2008,1776.0,0.9796,1.9923914555096995,11.1990316458762,4.97358989715576,47.4955847375587,4.092910987583205,158.195277169557,15753.4732840195,1.0582892500439,25.5560283309429,75.5500030517578,0.471792,7.00165532509758,0.7502059,11,0
Hungary,2009,1854.0,1.13212,1.9954802372626,11.1164759510675,4.95804023742676,-2.1352657145714,3.880779504568528,144.768073219014,13046.4810081848,-6.69955413727229,25.3397577732935,75.0400009155273,0.4338323,7.00098256466662,0.5356742,11,0
Hungary,2010,1634.0,1.13945,1.99999540001058,11.1202991729626,4.7612099647522,-15.7450188061326,3.9803645194598367,157.267724024444,13191.6212644696,1.12217824979848,25.1686083937638,74.9800033569336,0.3656501,7.00000099887616,0.6857837,11,0
Hungary,2011,1714.0,1.18897,1.002835316289746,11.1515528542857,4.59010982513428,7.57688175758872,4.079949534351146,166.287842173646,14216.1656114334,1.93710779352188,25.0154637162947,75.4599990844727,0.3995961,6.99877038013894,0.7432541,11,0
Hungary,2012,1654.0,1.26362,2.016055462492196,11.1088203110696,4.16385984420776,8.41867006912005,4.025585890196078,165.454667419539,12950.6865153085,-1.38062332775523,25.0624899635578,75.2399978637695,0.3563344,6.99652752011123,0.6757948,11,0
Hungary,2013,1560.0,1.38884,2.0216147000499944,11.1316561870707,4.19773006439209,-2.64866369148927,3.851181023036649,164.174052818468,13687.5140593304,1.86075162441399,25.0975795418487,74.8600006103516,0.3216026,6.99533160879437,0.7966461,11,0
Hungary,2014,1434.0,1.35373,2.02706784231196,11.1484947429124,4.61743021011353,9.27794757721358,3.686076755500344,168.242836502813,14267.0121547683,4.22895073481537,25.1320551358335,72.5999984741211,0.1645602,6.99416171167316,0.6699048,11,0
Hungary,2015,1496.0,1.36245,2.031895063185841,11.0971680324192,4.51866006851196,-4.2106475139699,3.698764211347658,167.239953456066,12706.8912148924,3.81942837927696,25.1593848690112,72.7099990844727,0.1486354,6.99312872052461,0.7462977,11,0
Hungary,2016,1538.0,1.20423,0.0,11.1088035297109,4.6553897857666,54.2390601399314,3.800258302447772,164.314407210262,13090.5067287853,2.13999571174807,25.1995064399338,73.4499969482422,0.0972435,6.99184707145225,0.6546786,11,0
Hungary,2017,1263.0,1.3486,0.0,11.155219417485,4.66709995269775,-8.4873305240623,4.028347492,165.195179213237,14605.8543453283,4.31678098650497,25.2310968950722,72.8199996948242,0.0892915,6.99069245209393,0.8063788,11,0
Ireland,2007,3475.0,1.23325,6.819821675302834,11.4312317552281,4.71224021911621,22.2048059364474,5.51144757681343,153.29367749115,61359.7412256744,5.32426755875225,39.5771277439041,85.4000015258789,1.748592,6.64334823584683,1.214467,10,1
Ireland,2008,3454.0,1.38766,6.682193113599065,11.4393941154061,5.4441499710083,8.46705201037521,5.6319702368027045,159.625155804428,61262.1004631517,-4.48038347614992,39.1229427691267,84.629997253418,1.749867,6.65220223224147,1.18624,10,1
Ireland,2009,3465.0,1.6082,6.614668026348427,11.3734938729846,6.13508987426758,22.8398487320278,5.568408745985402,172.998737940581,52105.1524837739,-5.07921247175985,39.07073459162,84.0500030517578,1.759452,6.65661320180352,1.056545,10,1
Ireland,2010,3374.0,1.59153,6.578723749521672,11.3466438886839,6.03804016113281,16.992422417874,5.643325493611258,189.421701597387,48715.1769134801,1.80997931190268,39.2044500965824,82.8099975585938,1.688269,6.65897960461633,1.020165,10,1
Ireland,2011,3697.0,1.56058,4.366732138537197,11.3756130714553,5.85826015472412,9.97983607843494,5.718242241237114,188.755763426167,51848.9096998104,0.343441112458279,39.3708614540806,82.1999969482422,1.562963,6.66087344315713,0.9489989,10,1
Ireland,2012,3790.0,1.56119,6.522401295957654,11.3521815228266,5.7657299041748,25.8180210002513,5.500682292792793,191.537017257834,48917.8976130459,0.225714790371583,39.5055111488314,81.1600036621094,1.463658,6.66271373911226,0.9410727,10,1
Ireland,2013,4061.0,1.5658,6.488147452234259,11.3775676589024,5.33460998535156,29.6848000555814,5.447343796581197,188.521589827238,51590.1885889392,1.35163384675889,39.5997474668376,81.4000015258789,1.538592,6.66500054345429,0.9010757,10,1
Ireland,2014,4517.0,1.52307,6.44089193471512,11.4124133094133,4.88139009475708,37.676151581973,5.598387888785046,201.990345830311,55492.982562275,8.55668815348987,39.6141732690231,80.4000015258789,1.60488,6.66817524209544,1.052991,10,1
Ireland,2015,5098.0,1.18267,6.380322065897243,11.4646382793207,3.75829005241394,81.3243148007164,5.9013158396670695,215.136640653511,61995.4228025802,25.1625331003403,39.5449428840575,80.8600006103516,1.615371,6.67227865312833,0.9084555,10,1
Ireland,2016,5231.0,1.16892,6.308703803202088,11.4778781459694,3.71972990036011,34.2454940390996,6.041679813832412,226.041377290551,63197.0823976808,3.67781580955584,39.4036579622606,80.7200012207031,1.583356,6.6771811171781,0.8478189,10,1
Israel,2009,9778.0,4.13326,9.351287805920702,11.3169514778659,5.4945502281189,2.2205333870944,4.02576384852071,63.8998150058974,27715.6367947301,0.924262670543058,47.3293462479533,74.7900009155273,0.8098461,6.87422661646875,-1.626286,9,1
Israel,2010,10929.0,3.93984,9.182013746786296,11.3692078323306,5.53534984588623,2.98496968695364,4.317047759405282,67.6262780255282,30693.5930646542,5.60113762485308,47.2902658930208,75.1100006103516,0.7551451,6.88216010138289,-1.341152,9,1
Israel,2011,10992.0,4.01151,5.1507893584691855,11.4174195984689,5.56688022613525,3.30938356089738,4.608331670289855,70.9406036136637,33669.246476486,4.78349750863643,47.2396246210666,76.6500015258789,0.8048425,6.89018620155707,-1.201318,9,1
Israel,2012,12388.0,4.15735,7.58485557170849,11.4102374402741,5.69981002807617,3.50621931904916,4.764966132653061,72.1075242246098,32511.2378524925,2.25723755698695,47.1901283607827,81.7900009155273,0.9097447,6.89820393487292,-1.078904,9,1
Israel,2013,12766.0,4.09218,8.685402320243192,11.466327995335,5.88489007949829,4.04673155766651,4.649996518918919,65.7086202165413,36309.4688325612,4.14805450271368,47.3284664722906,81.4100036621094,0.9131669,6.90630809962438,-1.101285,9,1
Israel,2014,13438.0,4.16793,7.303090424431271,11.4907426700045,5.79265022277832,1.95404128310422,4.571171637220964,62.9209772799404,37678.8897709163,3.75820016332611,47.6454964643792,82.1699981689453,0.8657098,6.91464457241939,-1.039735,9,1
Israel,2015,14491.0,4.25592,7.159819095237527,11.4768506355571,5.86730003356934,3.78108868520075,5.044547059459071,59.8097126208372,35776.7951618068,2.29009213261608,47.9340535519086,82.1100006103516,0.9430066,6.92324920111107,-1.094913,9,1
Israel,2016,15109.0,4.50574,5.850690381465013,11.5037234221662,5.85713005065918,3.75857579071779,5.732418862256136,58.2732776473036,37321.6240397313,3.98204641920276,48.2351914551106,82.2900009155273,1.186809,6.93176288848118,-0.7945364,9,1
Israel,2017,15515.0,4.81602,6.8860248126427415,11.5480863591311,6.09261989593506,4.78197794163804,5.911077499,56.3910432359888,40541.8620938968,3.53670317097017,48.5436167960949,81.2600021362305,0.8267204,6.94018266710439,-0.8878308,9,1
Italy,2007,28540.0,1.1327,3.4224124551171995,12.3444497767931,4.10503005981445,2.98492308508201,4.305062120010573,55.061455631698,37822.6652377427,1.48707298036786,9.73403297753734,75.4000015258789,0.3368244,7.76669764791443,0.4476521,11,1
Italy,2008,28237.0,1.16367,3.739796454098393,12.3800042870625,4.38794994354248,-0.396087836814549,4.326341781854044,54.4928757988188,40778.3427367209,-0.962012840579291,9.72792842713523,76.3899993896484,0.2701409,7.76957471532426,0.5492006,11,1
Italy,2009,26533.0,1.22126,3.553578186715659,12.3406903183182,4.52371978759766,0.757889694945498,3.910458151123596,45.4187617874817,37079.7586704546,-5.2809372082931,9.74192498736863,75.2699966430664,0.1990607,7.77155341939459,0.3482109,11,1
Italy,2010,27948.0,1.22311,3.7113627943673726,12.3291980463871,4.33411979675293,0.465342940891192,3.8145997079793803,52.0061883742819,36000.5201179254,1.71329583916922,9.7703817205667,74.5100021362305,0.1269229,7.77288927110003,0.4739237,11,1
Italy,2011,28309.0,1.20984,1.8524927706890644,12.3602129166199,4.11568021774292,1.50373544840568,3.718741264835165,55.1455224600271,38599.0622070322,0.707333347034435,9.81239452020549,74.8899993896484,0.1818639,7.7736361633279,0.5012074,11,1
Italy,2012,28521.0,1.27087,3.3591022946917937,12.3195384788422,4.05601978302002,0.0016722446020187,3.703062730726257,55.6547208446016,35053.5262442572,-2.98090576823772,9.82747969586636,75.1800003051758,0.066175,7.77480676605759,0.5082175,11,1
Italy,2013,28895.0,1.30768,3.15436736771762,12.330680625646,4.14367008209229,0.912122176152343,3.7246966488372095,54.8675793967737,35549.9746972954,-1.84106545088248,9.74774587217072,74.3899993896484,0.0516357,7.7798413296893,0.4954992,11,1
Italy,2014,29287.0,1.34301,3.4545644172626884,12.3342795801767,4.06127977371216,0.788869272224896,3.689071077097578,55.3221151506422,35518.4152916749,-0.0045475423638379,9.69252018049078,74.3499984741211,-0.0296416,7.7838259993493,0.4581654,11,1
Italy,2015,21674.0,1.34115,3.2932337121353457,12.2638488414204,4.07362985610962,0.724627962134635,4.084858601950527,56.4181761616088,30230.2263021296,0.778304350716581,9.7359900219728,74.25,0.0162641,7.7834074431212,0.3759197,11,1
Italy,2016,31186.0,1.37124,3.133891489304078,12.2731859442795,3.81578993797302,1.36777366921975,4.327449413084648,55.3676028142217,30939.7142462298,1.29346273155907,9.78744025070849,74.8000030517578,0.0844068,7.78266964596522,0.3694153,11,1
Italy,2017,31393.0,1.37744,2.6430244168046864,12.2926538883845,4.04493999481201,0.567766926666821,4.434588909,58.6041759472917,32406.7203150134,1.66785904106857,9.8375029723027,74.8399963378906,0.188601,7.78201880740369,0.3067282,11,1
Japan,2012,490271.0,3.20908,1.6453940718802151,12.7926167023046,3.69226002693176,0.008817409324687,5.383704248611111,30.6361236890786,48603.4766497749,1.49508958593034,31.844834580649,76.8899993896484,1.627003,8.1059493664619,0.9484429,4,1
Japan,2013,473139.0,3.31496,1.5693044058221193,12.7122890754246,3.66538000106812,0.206536579102136,5.733450846460176,34.1475222566436,40454.4474578903,2.00026784118108,31.923756192169,77.5100021362305,1.65568,8.10532280163341,1.019142,4,1
Japan,2016,456549.0,3.15522,1.2598969730274403,12.6921890898806,3.18618011474609,0.831972862204198,5.935680203867184,31.541805125769,38761.8181501925,0.521944455486121,32.1379199188052,77.7200012207031,1.524958,8.10378495013763,0.9829442,4,1
Japan,2017,460771.0,3.21254,1.340844195663336,12.6872492470124,3.18217992782593,0.386331930077941,5.810661316,34.5734381588921,38386.5111457057,2.16829073737318,32.2243413524392,78.0999984741211,1.522446,8.10307060504406,1.111927,4,1
Latvia,2007,219.0,0.55379,0.0,10.4914301167334,4.65674018859863,8.75156515760248,3.448471842345185,95.7257673273977,14091.0476501135,10.0270996509004,46.3443284933746,85.2300033569336,0.352404,6.34248683322317,0.5622184,11,1
Latvia,2008,392.0,0.58139,0.0,10.5533516699382,5.39598989486694,4.01125602656653,3.6339387248677246,91.4264738479481,16422.1119788425,-3.32730003999858,46.2438175583037,85.8600006103516,0.2548864,6.33792266077381,0.2045949,11,1
Latvia,2009,503.0,0.45271,0.0,10.4202411104988,5.55632019042969,-0.570051732769077,3.6492617090909087,86.7198611753153,12288.2138312435,-14.2597185860511,46.3916091908912,84.2200012207031,0.2262741,6.33075235044472,0.3484597,11,1
Latvia,2010,457.0,0.61078,0.0,10.3779900242705,5.07271003723145,1.98924640769957,3.624810900405327,108.997940157366,11383.5224134721,-4.4068236355224,46.7072428570023,83.0800018310547,0.2283071,6.32171335728779,0.527854,11,1
Latvia,2011,325.0,0.69662,0.0,10.4566694987977,4.93298006057739,5.30929194092586,3.600360091719745,121.508531900181,13895.1625650739,6.46884995004382,47.0448614497133,83.8300018310547,0.2866477,6.31380586666944,0.3200021,11,1
Latvia,2012,359.0,0.66424,0.0,10.4522562771081,6.58249998092651,3.81487752240494,3.812983975182482,127.527265705273,13926.3473076523,4.25172304811186,47.3965460071443,85.5,0.245459,6.30841905531091,0.4536267,11,1
Latvia,2013,480.0,0.6122,0.0,10.4833418591719,6.98040008544922,3.25071633057278,3.956451733333333,124.204084672017,15120.7818885797,2.31017607605585,47.670745890907,83.6900024414063,0.3284156,6.30376761026095,0.5936353,11,1
Latvia,2014,193.0,0.6893,0.0,10.4959516225816,5.27489995956421,3.33587044843644,3.9994726957541302,125.273716882175,15713.536972819,1.07363408715679,47.8849141764743,82.2799987792969,0.4153654,6.29967767083982,0.4872684,11,1
Latvia,2015,288.0,0.62623,0.0,10.4352015843416,5.31412982940674,2.98404606823519,4.295985667916793,122.283612988102,13774.6052739114,4.00687403269866,48.0401659422624,83.2200012207031,0.4681761,6.29612242181369,0.4437472,11,1
Latvia,2016,256.0,0.44094,0.0,10.4479688751172,4.71298980712891,1.1956975659209,4.2453063838453176,118.89339742514,14315.7928949778,2.37292412754951,48.2323840476796,84.25,0.4311383,6.29215346824491,0.4790692,11,1
Latvia,2017,168.0,0.51012,0.0,10.483712265167,4.39711999893188,3.78383855740231,4.07130003,123.899835566485,15682.2214493267,3.2507202900895,48.4033626156703,84.1100006103516,0.5358301,6.28830468291233,0.4620957,11,1
Lithuania,2007,101.0,0.80093,0.0,10.5987674387899,4.5905499458313,6.55321194511861,3.65940554412705,116.387387927408,12285.4470537014,11.1074801410501,24.6068957590762,81.9499969482422,0.1301493,6.50937647419495,0.8172772,11,1
Lithuania,2008,134.0,0.78844,0.0,10.6794056506057,4.83453989028931,3.61376702103575,4.036422126708259,126.849087602913,14944.996652175,2.61442303328732,24.7507779637812,82.2099990844727,0.1396623,6.50490982851661,0.7462569,11,1
Lithuania,2009,139.0,0.82967,0.0,10.5727336516887,5.57741022109985,-0.963401425538259,3.801796316587677,105.338778299376,11820.7761591359,-14.8386083735986,24.9448479676996,82.9499969482422,0.2315532,6.50008765817532,0.6312088,11,1
Lithuania,2010,174.0,0.78348,0.0,10.569823946475,5.31273984909058,2.9691484411745,3.643527340833521,129.887382863414,11990.6630177633,1.65124065328366,25.4196424641852,84.0299987792969,0.3767319,6.49098074861426,0.7152606,11,1
Lithuania,2011,142.0,0.9039,0.0,10.6393096363385,5.1270899772644,4.31554391521269,3.485258365079365,148.447219109978,14392.5342563325,6.03900816040344,25.9739019512181,83.8300018310547,0.3271061,6.48117236452587,0.6712003,11,1
Lithuania,2012,196.0,0.89469,0.0,10.6328968526343,4.76922988891602,1.57691774492395,3.661796403021148,155.843160657432,14373.060522928,3.8438647490634,26.3551654490438,83.120002746582,0.3939939,6.47534759829987,0.7862099,11,1
Lithuania,2013,220.0,0.95088,0.0,10.6675880878734,4.60949993133545,1.65251362092447,3.7429814918367343,155.886790868636,15726.626829911,3.55007284270485,26.654344404862,83.5100021362305,0.4260329,6.47095250614341,0.9645323,11,1
Lithuania,2014,254.0,1.03048,0.0,10.686408624485,4.49105978012085,0.735618444241948,3.834628308530849,142.721642753591,16564.9565494076,3.53700987901611,26.9161873371639,82.4599990844727,0.558858,6.46721832343855,0.7421364,11,1
Lithuania,2015,275.0,1.04095,0.0,10.617198277394,4.22988986968994,2.50357875790743,4.146204890084989,138.552317324475,14258.2293345128,2.02458395469182,27.2026568750893,82.370002746582,0.6176547,6.46313268161143,0.759794,11,1
Lithuania,2016,219.0,0.84329,0.0,10.6336510959484,4.00394010543823,2.73729924200971,4.34169196124855,134.453858437451,14998.1250595137,2.51882827307178,27.5775121984544,83.3199996948242,0.7138361,6.45761412537281,0.82828,11,1
Lithuania,2017,214.0,0.89808,0.0,10.6790528325516,3.81282997131348,2.89733605891245,4.254849911,144.873355393449,16885.4073948373,4.28259695120761,27.9873273548472,82.75,0.5537353,6.45154128921498,0.7756186,11,1
Malaysia,2011,1945.0,1.03342,0.3490285053325448,11.4741462478075,5.76293992996216,5.07445534647755,4.948716403045685,154.937684607226,10399.372753345,5.29391283414003,29.2676362265948,65.6600036621094,0.0294875,7.45713910254487,0.0774098,5,0
Malaysia,2012,1974.0,1.09269,0.3440190347107981,11.4975421374921,5.73902988433838,2.82905646583735,4.856560636144579,147.841754766013,10817.4428742856,5.47345419253853,29.539999310772,66.0,0.2376342,7.46341752707626,-0.0052124,5,0
Malaysia,2014,2659.0,1.26275,0.6696452711542699,11.5289963094338,5.21263980865479,3.14126779490033,5.199915852170767,138.312231176843,11319.0797572756,6.00672194558203,30.1670113171753,68.25,0.4111588,7.47518518934681,0.2666191,5,0
Malaysia,2015,2349.0,1.2998,0.66069918755803,11.4790781190879,4.89486980438232,3.27094905445992,5.416207562848396,131.37007244526,9955.24370828938,5.09153242155011,30.4982610941853,69.3300018310547,0.2350726,7.48102622289423,0.2589576,5,0
Malaysia,2016,1965.0,1.43665,0.9776826340490882,11.4789348119428,4.75191020965576,4.47131928679735,5.330128836631776,126.8990100257,9817.73845699838,4.44978139761541,30.8351361516274,69.25,0.096051,7.48692335356128,0.1368246,5,0
Mexico,2007,1183.0,0.39833,0.0915998352741842,12.0223030891756,4.69050979614258,2.95507475125281,3.511268394184751,56.7952793788998,9642.68060504911,2.29144571429802,23.3570791894391,83.370002746582,-0.2726447,8.0381053073319,-0.7284455,11,0
Mexico,2008,1249.0,0.44387,0.0902402702241282,12.0453186998251,4.82006978988647,2.68294913273945,3.2452631553642752,57.7770309296138,10016.5713043884,1.14358458719401,23.1206481042105,83.1600036621094,-0.2446972,8.0445996128657,-0.8037661,11,0
Mexico,2009,1349.0,0.47954,0.0889174317796787,11.9542643928177,5.18794012069702,2.18380210706266,3.1903185268722467,55.9677697591441,8002.97210649807,-5.28574413681751,22.891854804211,82.3000030517578,-0.3010224,8.05101308960801,-0.6854959,11,0
Mexico,2010,1646.0,0.49485,0.0876478245200801,12.0244040946027,5.15922021865845,2.88112407455248,3.1956283524986233,60.7603184849556,9271.39823324639,5.11811814321163,22.6811833946508,81.2200012207031,-0.3615492,8.05725885892729,-0.7264634,11,0
Mexico,2011,1933.0,0.47129,0.0,12.0720621660591,5.10564994812012,2.01909022438436,3.200938178125,63.46967787984,10203.4208543113,3.66300792950094,22.5423792712191,80.8399963378906,-0.4021198,8.06331636595621,-0.6677686,11,0
Mexico,2012,2219.0,0.42096,0.0852702797133776,12.0795755464539,5.10309982299805,1.51557971957065,3.4778444765822787,65.7672458233911,10241.7279153745,3.64232267941347,22.4145271888863,80.870002746582,-0.4118239,8.06920231239166,-0.6624542,11,0
Mexico,2013,2139.0,0.42503,0.0841558437973621,12.105320445105,4.69605016708374,3.98538346663758,3.5921854595317724,63.7648766169695,10725.1833166036,1.35409196151679,22.2958589868896,80.5899963378906,-0.5120105,8.07491572115187,-0.7142238,11,0
Mexico,2014,2187.0,0.43549,0.0830874443505224,12.1190417199017,5.2606201171875,2.17492727230029,3.4697963866891577,64.9253579018616,10928.9168262489,2.84977325490688,22.1868857755427,79.8399963378906,-0.7617088,8.08046459909512,-0.8539188,11,0
Mexico,2015,2508.0,0.42986,0.0820625550055048,12.0688785500123,5.23523998260498,3.04964557088177,3.798087446444229,71.0890901134614,9616.64500568952,3.29315152833387,22.0873677176663,79.0100021362305,-0.7659356,8.08585496546418,-0.7986991,11,0
Mexico,2016,2405.0,0.38801,0.0810810530314194,12.0328163849832,4.90949010848999,3.59559688510608,4.156625898872933,76.0622091378111,8744.51577183222,2.63053242455089,21.8248263097985,79.120002746582,-0.7196069,8.09108061958972,-0.6290694,11,0
Mexico,2017,2532.0,0.32829,0.0801427669662157,12.0640508479647,4.52281999588013,2.84893398582853,4.088619709,77.1157445044434,9287.84973619382,2.11312913549695,21.5744877335668,78.2600021362305,-0.9279991,8.09613566742597,-0.715323,11,0
Netherlands,2007,36142.0,1.6703,7.325248863121376,11.9281302378899,4.88682985305786,86.5890857692071,6.030568985585102,130.457871020883,51733.4421317965,3.77284252073882,7.51324182488716,79.8399963378906,2.169937,7.21435886233964,0.7785201,11,1
Netherlands,2008,37124.0,1.62269,7.296787656121612,11.9768072636785,5.02904987335205,20.6255899935593,5.902289007641525,131.05989202686,57644.4799749353,2.17032485133603,7.46529781525134,79.9599990844727,2.118235,7.2160495380184,0.8650271,11,1
Netherlands,2009,34577.0,1.6657,7.259357735583702,11.9385583715024,5.43156003952026,11.041793588559,5.844381400480769,116.889549678159,52514.0271165323,-3.66688393735825,7.40701895806998,79.4800033569336,2.134323,7.21828304741787,0.9449179,11,1
Netherlands,2010,33404.0,1.70404,7.222218143006419,11.9276551252242,5.48908996582031,13.673451529465,5.807275839756513,131.522074134799,50950.0343435181,1.34273933636553,7.35351721621807,79.7099990844727,2.143759,7.22051064413998,0.9407501,11,1
Netherlands,2011,33536.0,1.88131,3.5943050393234945,11.9562097349108,5.46303987503052,36.7300267334479,5.770170279032257,142.471773282141,54159.3466126142,1.55118931244651,7.31288634462842,79.7099990844727,2.120604,7.22253631860309,1.113631,11,1
Netherlands,2012,31302.0,1.91627,7.758895543899174,11.9237471081128,5.4102201461792,28.5669993075886,5.908808422485206,149.268415200791,50073.0056559308,-1.03035399148436,7.28305128800423,80.0599975585938,2.117599,7.2241434471991,1.187465,11,1
Netherlands,2013,33591.0,1.92987,7.140973286095002,11.9429617178932,5.52655982971191,37.4807348626119,5.74770192781065,149.549331302435,52184.0618504931,-0.130175288449919,7.26805351893318,80.9800033569336,2.046002,7.22542383763652,1.143815,11,1
Netherlands,2014,37727.0,1.97568,7.708267911880029,11.9498685945184,5.458899974823,13.2019937569918,5.703152064469953,150.053755435106,52830.1742328055,1.42339539510084,7.25654237877974,80.7099990844727,1.990494,7.22698655153501,1.045115,11,1
Netherlands,2015,38102.0,1.98487,7.083857464995561,11.8838118224823,5.34815979003906,42.1526688088992,6.019986577061881,157.816576039698,45175.2318933798,1.95916972105708,7.24084346449093,80.5400009155273,1.884297,7.22891143192437,0.9261193,11,1
Netherlands,2016,39084.0,1.99685,7.046258806502335,11.8940546216581,5.47959995269775,30.4893620428848,6.224817572062529,148.858664731618,46007.8529206547,2.19171371926123,7.22063694391311,80.0299987792969,1.913111,7.23122265543237,0.9122675,11,1
Netherlands,2017,37642.0,1.98308,7.004723985856061,11.9210981629627,5.17509984970093,26.7668318401398,6.197001457,156.028211221086,48675.2223350213,2.91090251315005,7.19799880405085,80.120002746582,1.867299,7.23379021902845,0.9209073,11,1
Norway,2007,4474.0,1.56401,8.494096496758546,11.6030762449477,6.53439998626709,6.18702811310606,5.638994882456421,73.1842294163025,85139.9604469545,2.99425185125679,23.0034045761869,87.2900009155273,1.992581,6.67294280086453,1.145414,11,1
Norway,2008,5105.0,1.55346,8.388888749074077,11.6648769198312,6.2852201461792,4.45175114875388,5.810435131081082,74.8893594007111,96944.0956064873,0.476379999491613,23.0750001468905,87.5500030517578,1.906427,6.67835555637634,1.28515,11,1
Norway,2009,5032.0,1.72279,8.283758490334717,11.5868014572865,7.10337018966675,2.23614134903134,5.65882025284553,67.054796805081,79977.6970817492,-1.72702030948713,23.1433406205331,86.9800033569336,1.994785,6.68383256260388,1.27541,11,1
Norway,2010,5599.0,1.64855,8.18121054099891,11.6322112624787,6.74633979797363,5.04581003263603,5.621436499532009,68.2495594214732,87693.7900658099,0.701833823862358,23.2169858740643,86.5299987792969,2.085211,6.68924242208465,1.332312,11,1
Norway,2011,5548.0,1.62534,4.037885052718627,11.6974764526789,6.4545202255249,2.06635867883482,5.584052746218488,69.6733929343216,100600.562407589,0.981469497299358,23.2070021517092,85.8499984741211,2.149326,6.69487604402827,1.337977,11,1
Norway,2012,5968.0,1.61858,7.970393177502848,11.7071495730036,7.37470006942749,5.4754901733455,5.522616160655738,68.2174036699074,101524.141851985,2.70307385484266,23.121489521733,85.4899978637695,2.256409,6.7005802457652,1.32747,11,1
Norway,2013,5765.0,1.65004,7.874600142569635,11.7183036219618,7.48535013198853,-0.261803343835658,5.524090088111889,67.5466198492849,102913.450843674,1.03407291353631,23.0620372681651,84.8199996948242,2.294475,6.70583148096594,1.352092,11,1
Norway,2014,5872.0,1.71187,5.839720690052542,11.6975867911243,7.69504022598267,0.65051659502455,5.572665314048628,68.6632828305019,97019.1827527462,1.9695443007939,23.0242670375253,85.2300033569336,2.226566,6.71072917912606,1.119959,11,1
Norway,2015,5713.0,1.93095,5.78189868687299,11.5863639682127,7.5693302154541,1.88544780890736,5.757301560659258,69.8591654324035,74355.5158575643,1.96712843821408,23.0196223737033,85.0100021362305,2.242804,6.71505077722893,1.161716,11,1
Norway,2016,5915.0,2.03074,5.731185616099588,11.5668143805387,8.03055000305176,-5.06170391540297,5.985913991928101,68.9403153109535,70459.1825041029,1.07155897720727,23.0437000685524,84.4100036621094,2.196583,6.71887678052428,1.200074,11,1
Norway,2017,5955.0,2.09343,5.685082797545863,11.600312740361,7.91198015213013,1.48109795486344,5.756080627,69.1644246402997,75496.7540581998,2.3232584068849,23.0875081533577,83.5,2.236803,6.72238446058501,1.170228,11,1
Pakistan,2007,129.0,0.6325,0.0,11.1829442608511,2.63527011871338,3.66832281613449,3.611341882557854,32.9904285662027,908.095090591223,4.83281727717085,20.2786443191899,62.7400016784668,-0.8167263,8.22481293308248,-2.429894,5,0
Pakistan,2009,14.0,0.44806,0.0,11.2257040395374,2.59078001976013,1.39040226726245,2.955720953488372,32.0718482614804,957.995680750104,2.83165851919991,20.1420617522745,62.6100006103516,-1.069159,8.24434048852842,-2.644811,5,0
Pakistan,2011,139.0,0.32917,0.0,11.3295756559136,2.22175002098084,0.620823100122343,3.0658510913793107,32.9399051456411,1164.97612914872,2.7484059174005,20.0355131051028,61.3800010681152,-1.076292,8.26325862933717,-2.810035,5,0
Pakistan,2013,207.0,0.29285,0.0,11.3640227056118,2.49343991279602,0.576510795073031,2.900425058333333,33.3335986818131,1208.90431029644,4.39645663349772,19.9561714228005,64.3499984741211,-0.9563623,8.28163077956903,-2.603302,5,0
Pakistan,2015,258.0,0.24605,0.0,11.4322573809365,2.6500198841095,0.618355972744254,3.2063025334302115,27.6546725177778,1356.66775582649,4.73114747532901,19.8887174068576,69.0100021362305,-0.8107558,8.29978387777059,-2.482708,5,0
Peru,2011,77.0,0.08282,0.0,11.2349264235214,2.6635000705719,4.47262658184166,2.541849833333333,55.9882802838607,5869.32307961474,6.32719240161117,40.5487015264807,87.4599990844727,-0.2199591,7.46633840740841,-0.7607497,8,0
Peru,2012,71.0,0.0553,0.0,11.2847667569733,2.92276000976563,7.07114242412465,2.5805088538011693,52.6198952632294,6528.97221785312,6.13972470560435,40.8915510378802,87.8199996948242,-0.3704499,7.46992193637906,-0.9073647,8,0
Peru,2013,97.0,0.08174,0.0,11.3035750227169,3.29729008674622,4.8842945848551,2.799967572839506,49.7871424471444,6756.75276926556,5.85251821084928,41.2049761164645,87.0400009155273,-0.4234869,7.47383699441026,-0.8057398,8,0
Peru,2014,103.0,0.10794,0.0,11.3027407007491,3.69599008560181,1.95724657032336,2.807602070873679,46.8531210912899,6672.8802554854,2.38215737180541,41.4581567110289,86.9300003051758,-0.5603161,7.47842736922193,-0.5506569,8,0
Peru,2015,117.0,0.11705,0.0,11.2783083371435,3.96933007240295,4.38026059211907,3.287729514051568,45.1627686891148,6229.10169612596,3.25224477218451,41.6301157775028,85.8600006103516,-0.5338408,7.48388291593289,-0.3975714,8,0
Peru,2016,154.0,0.12007,0.0,11.2830657949881,3.81316995620728,3.51182610944865,3.5962909553304065,45.3888411964154,6204.99726003927,3.95331871520767,41.7104216660267,86.629997253418,-0.3673783,7.49032420092613,-0.2017269,8,0
Peru,2017,167.0,0.12101,0.0,11.3242972899747,3.93130993843079,3.25130733746818,3.468714714,47.5135503619971,6710.50802896038,2.51883544233135,41.714809267407,86.0100021362305,-0.4962701,7.49754188965341,-0.2595354,8,0
Peru,2018,135.0,0.12704,0.0,11.3464409404693,3.72316002845764,2.92188842040055,3.468714714,48.9137033022597,6941.23584763012,3.97693571755005,41.6927261076316,87.1900024414063,-0.5318839,7.50500413946354,-0.2617153,8,0
Poland,2007,2853.0,0.56189,0.5246512643046167,11.6324861483887,4.86837005615234,5.83434426547021,3.47622853982857,80.8314554512475,11254.5173881254,7.06154381310782,7.24548107484401,79.6600036621094,0.2991638,7.58115927190132,0.6827373,11,0
Poland,2008,3100.0,0.59921,0.5245797204981545,11.7272232125221,5.04047012329102,2.73121288516931,3.372447448148148,80.905760942025,13996.0251506835,4.19996229248767,7.2743720757348,80.0400009155273,0.4613512,7.58121849828876,0.9104813,11,0
Poland,2009,3550.0,0.66097,0.524224368763745,11.6431935113375,4.9891300201416,3.18940270767661,3.581118394423792,75.2677975984403,11526.0558884824,2.83218458943098,7.29928550325934,80.8899993896484,0.4450843,7.58151279024447,0.9380806,11,0
Poland,2010,4063.0,0.7207,0.5257237415317078,11.6810911799204,5.06842994689941,3.83361602909505,3.628287163714843,81.9294270840533,12613.0109954681,3.74051777907684,7.35025977532156,80.370002746582,0.4970796,7.58027240558984,1.01733,11,0
Poland,2011,4901.0,0.74588,0.5254411373909037,11.7228816539376,4.82011985778809,3.5082255306018,3.6754559330058942,86.9512301860852,13879.5609852546,4.75763800382072,7.37653926894521,80.0100021362305,0.5570222,7.58050592446843,1.072063,11,0
Poland,2012,6043.0,0.88086,0.5254423935960763,11.6976856948807,4.81181001663208,1.47595830340721,3.6329125178217834,89.2652771087603,13097.2708482174,1.32489082785044,7.41974504859502,79.9499969482422,0.6632341,7.58050488617454,1.049479,11,0
Poland,2013,6031.0,0.87053,0.5257596464539773,11.7168512793567,4.940110206604,0.152586407922639,3.653282346376812,90.5642354152851,13696.4663046143,1.12576783609582,7.47867893430502,80.120002746582,0.5960163,7.58024274594937,0.973355,11,0
Poland,2014,6171.0,0.93978,0.5261533050254086,11.7343814066702,4.90918016433716,3.6454995313351,3.747094412296609,93.4705395606939,14271.3058536202,3.37857807264132,7.53938506185566,80.2600021362305,0.635148,7.57991769290564,0.8429408,11,0
Poland,2015,7010.0,1.00325,0.5265040562398997,11.679256972095,4.81226015090942,3.15291428295409,3.951748316069156,95.4263255144599,12578.4954734362,4.23632630608085,7.59986407219424,80.4199981689453,0.6695215,7.57962827428147,0.8748524,11,0
Poland,2016,6143.0,0.9641,0.5267304233461462,11.6745216195064,4.63922023773193,3.87639080927315,4.085563994589306,100.080923558898,12447.4395912808,3.14173122907013,7.65592839344201,80.4100036621094,0.7391052,7.57944159223004,0.507242,11,0
Poland,2017,6131.0,1.03445,0.526664690971856,11.7214056980898,4.55956983566284,2.23396043390532,4.03947401,104.554498237291,13864.6817579973,4.83065457036179,7.70457304518613,80.1399993896484,0.7249924,7.57949579260953,0.5182467,11,0
Portugal,2007,697.0,1.12427,1.8969997431462349,11.3805563748915,4.92147016525269,2.50411020751372,4.919201631701631,69.9461175817991,22782.0946224629,2.50657964551773,44.710961745179,85.25,1.036281,7.02296272357879,0.8218185,10,1
Portugal,2008,887.0,1.4452,1.8942664060282377,11.4188724265126,4.69609022140503,2.98045780684778,4.901783170199879,72.0757429221604,24847.545135091,0.319247925063081,44.4114527188097,85.6600036621094,1.070165,7.02358893835058,0.9884541,10,1
Portugal,2009,1143.0,1.57973,1.892461446065748,11.3868584432008,5.56314992904663,2.2920770351112,4.611177096153845,61.4926935267759,23059.7974457294,-3.12207942033321,44.1432134097,84.4300003051758,1.092931,7.02400295501179,0.7876344,10,1
Portugal,2010,1061.0,1.53257,1.891592815730486,11.376359588128,5.41248989105225,3.76949777202442,4.3859965062359185,67.7832954557811,22498.6908586557,1.73762547590566,43.9045418125369,83.5400009155273,1.090371,7.0242023397679,0.717687,10,1
Portugal,2011,1020.0,1.45683,1.894377109862506,11.3888064931573,5.12333011627197,4.01192326711906,4.160815916317992,73.0995439986029,23186.9131283278,-1.69616478061504,43.7579816973206,82.5899963378906,1.112964,7.02356355825654,0.7417393,10,1
Portugal,2012,1128.0,1.37777,2.853109375659782,11.3349292217292,4.94940996170044,9.89489043896364,4.311041515537848,76.0508388667084,20564.8898617969,-4.05729360769561,43.7317714673044,81.8600006103516,0.9602379,7.02180283380391,0.7752726,10,1
Portugal,2013,1318.0,1.32641,3.825080960229199,11.3548179156256,5.2709698677063,6.95553973472436,4.497509518604652,78.1144346199064,21647.0418118869,-0.922644674527888,43.777273338647,80.9499969482422,0.9504781,7.0194193596269,0.7487634,10,1
Portugal,2014,1330.0,1.28973,2.884320851082322,11.3609646407212,5.12400007247925,5.24651984440086,4.570190444430287,80.2823078763457,22074.3007634216,0.792190301875365,43.8260119290952,81.7699966430664,0.9476263,7.01707768518268,0.8062744,10,1
Portugal,2015,1624.0,1.24263,2.896290778326013,11.2995375747638,4.88554000854492,0.63719302521121,4.735202636140765,80.4908943813068,19242.3664710981,1.79204604555983,43.8278672128227,82.1999969482422,0.964725,7.01527909322943,0.9178401,10,1
Portugal,2017,1508.0,1.32833,4.854227546770483,11.3450949764443,5.0156102180481,4.81746078245314,4.98210001,84.4391405215721,21490.429863104,3.50634473938494,43.7368511941856,82.129997253418,0.8739526,7.0128498738748,1.118346,10,1
Romania,2007,965.0,0.51148,0.0,11.2420074317386,4.14953994750977,5.78690882845609,3.2947578443314987,63.5051566734658,8360.16632132485,7.23380774362805,17.04951057574,81.5,-0.1827063,7.31979251414228,0.1983791,11,0
Romania,2008,1123.0,0.55215,0.0,11.331049790249,4.0971999168396,6.37748719516936,3.5281814273626058,65.1748146561928,10435.0439841037,9.30746717077338,17.2529824049832,81.1699981689453,-0.1428367,7.31255550627605,0.1799604,11,0
Romania,2009,1150.0,0.44395,0.0,11.2408079905605,4.00213003158569,2.66374866700264,3.3833340174496644,58.4728337688248,8548.11867218639,-5.51739440805439,17.3142141402896,81.2600021362305,-0.26255,7.30893744778469,0.3602153,11,0
Romania,2010,1501.0,0.45688,0.0,11.2209166798418,3.49537992477417,1.93238537149682,3.181192640683595,71.3952597327036,8214.07689289811,-3.90123628018621,17.3342149073356,80.6999969482422,-0.2265265,7.30635791582561,0.2736004,11,0
Romania,2011,1599.0,0.49832,0.0,11.2632258160237,3.05942988395691,1.29282679699055,2.9790512639175253,79.9999964214776,9099.2175388969,1.90606770748846,17.3366382115025,80.5400009155273,-0.2132552,7.30422176800478,0.1860907,11,0
Romania,2012,1244.0,0.48383,0.0,11.2320701664561,2.95409989356995,1.78600834024128,2.859446434375,80.3506291239713,8507.10477456436,2.04066513079732,17.3364631700136,80.2900009155273,-0.2633975,7.30228838479322,0.0823416,11,0
Romania,2013,1242.0,0.38787,0.0,11.2805814345331,3.04938006401062,2.02033134174647,2.898753487562189,80.9702476251552,9547.85215096612,3.77096230437297,17.3261212676521,80.4199981689453,-0.1879764,7.30067574922111,0.1791331,11,0
Romania,2014,1252.0,0.38225,0.0,11.3009417455078,3.12642002105713,1.93499169467926,3.354495836016061,83.2756834774294,10043.6774497614,3.60872365319838,17.31623697458,80.2300033569336,-0.1126162,7.29904898850377,0.0491361,11,0
Romania,2015,1235.0,0.48793,0.0,11.2497588126057,3.10676002502441,2.42938763474009,3.88497350415704,83.5931599445395,8969.14892146193,2.95367403735953,17.3151798162228,81.8399963378906,-0.0176464,7.29700757761609,0.1891144,11,0
Romania,2016,1255.0,0.48033,0.0,11.2744553279851,2.97410988807678,3.32327381670138,4.134398359722561,84.5964231112973,9548.58740298268,4.70299774749441,17.3237081669024,81.5899963378906,-0.0187149,7.29451620021976,0.2771966,11,0
Romania,2017,1452.0,0.5039,0.0,11.3257114675125,3.09539008140564,2.81201621442387,4.588448048,86.5185593073843,10807.7953907179,7.31944852925453,17.326873016785,82.6699981689453,-0.031479,7.29197435332706,0.056355,11,0
Russian Federation,2012,34379.0,1.02675,0.139663125975979,12.3440572412756,3.79310011863709,2.29079639619755,2.59651084437421,47.1513903857957,15420.8745413273,4.02408615720979,11.0712699846963,69.2799987792969,-1.042335,8.15594823735949,-0.8177127,6,0
Russian Federation,2013,34067.0,1.02524,0.1393660288127418,12.3603042761141,3.76382994651794,3.01939794071852,2.8857566762711864,46.287149400499,15974.6446270517,1.75542214909368,11.1458727953429,69.5400009155273,-1.013369,8.15687307051852,-0.7360936,6,0
Russian Federation,2014,28512.0,1.07203,0.1390630392712562,12.3137073801797,4.01387977600098,1.069876215093,3.024113980566085,47.8013412628116,14095.648742954,0.736267221415574,11.2183385240799,70.6500015258789,-0.9192259,8.15781827583347,-0.9436175,6,0
Russian Federation,2015,33796.0,1.10076,0.138795519985965,12.1346491106695,3.83402991294861,0.502608373795545,3.024113980566085,49.3593493116887,9313.01362484996,-1.97271922637542,11.2921401849375,70.7699966430664,-0.9491526,8.15865454738934,-1.029335,6,0
Russian Federation,2016,31833.0,1.09728,0.2078391423692375,12.1061184450585,3.76044011116028,2.54849873389468,3.3276756083818646,46.5181198396096,8704.89841329594,0.193690071729534,11.3669931820238,71.3300018310547,-0.822688,8.15939391005793,-0.9462103,6,0
Russian Federation,2017,27807.0,1.10656,0.2076171421418721,12.1970597389637,4.68990993499756,1.8140929436605,3.668859243,46.8765243371311,10720.3325853448,1.82579006355112,11.4471544385244,66.6399993896484,-0.8924031,8.15985804905809,-0.6405504,6,0
Serbia,2008,452.0,0.66966,0.0,10.7176224240126,4.44199991226196,7.77058852050999,2.831225379351656,78.679488043902,7101.04014116862,5.6555766215919,32.9950572957637,68.6100006103516,-0.312101,6.86630045635208,-0.5438424,10,0
Serbia,2009,353.0,0.8173,0.0,10.6547817670303,4.48398017883301,6.48591448744737,2.7717474,66.021819804527,6169.11419477823,-2.73175198917728,33.1604049327739,65.3099975585938,-0.312435,6.86455895760608,-0.4775892,10,0
Serbia,2010,391.0,0.70228,0.0,10.6213785108902,4.32780981063843,4.04895225075509,2.7567912124223604,76.7311680529264,5735.42285659849,0.73104455254213,33.3283205882419,64.5999984741211,-0.2947092,6.86281306816165,-0.4217417,10,0
Serbia,2011,243.0,0.68334,0.0,10.6924779746119,4.2383599281311,10.0095789398862,2.7418350248447205,78.8090391777838,6809.15980400146,2.0362766886403,33.6270512939914,63.3300018310547,-0.2733609,6.85938444786761,-0.2828821,10,0
Serbia,2012,234.0,0.85316,1.3890669595560652,10.6365806922715,4.16420984268188,2.94472813454555,2.82200885,85.4708270968796,6015.94522756969,-0.68154236933475,33.8696616740119,62.1300010681152,-0.3297033,6.85727681872257,-0.2172995,10,0
Serbia,2014,289.0,0.72309,1.4024112498064671,10.6726722867469,3.92698001861572,4.2487153251279,2.880088262942505,92.2314185257064,6600.05680854589,-1.58951031990257,34.3851018371151,69.0100021362305,-0.2269956,6.85312461309419,0.1841108,10,0
Serbia,2015,248.0,0.81146,1.4093671899036315,10.5983084551592,3.78902006149292,5.9086699808497,2.951392202041856,97.3957666573256,5588.98072768556,1.80605926509682,34.6521941017424,69.6100006103516,-0.2670502,6.85097584310529,0.238982,10,0
Serbia,2016,279.0,0.83951,1.41676732798532,10.6095159023142,3.64026999473572,5.78781431167228,3.171212124824524,101.860024969348,5765.20076202711,3.33858676542988,34.9309894015358,70.2900009155273,-0.3224787,6.84870146695018,0.1401536,10,0
Serbia,2017,296.0,0.87353,1.4243273400487515,10.6452164247288,3.71509003639221,6.55200965004633,3.338322878,107.527719112101,6292.54362926707,2.10116384741241,35.2038441718216,71.9400024414063,-0.3751184,6.84639018932294,0.0868026,10,0
Serbia,2018,309.0,0.92132,1.4321304773978305,10.7044992733478,3.58539009094238,8.04076379354097,3.338322878,109.494865710998,7252.40185773992,4.4951212927627,35.4726526177004,72.4899978637695,-0.3702491,6.8440174128714,0.0172842,10,0
South Africa,2007,2066.0,0.88287,0.8143361269269891,11.4762742864136,4.97414016723633,2.19988348624742,5.203681014276582,63.6830872879002,6095.62157019026,5.36047589053663,12.9697061946125,84.3099975585938,0.2487841,7.69125622732637,0.2158346,7,0
South Africa,2008,2099.0,0.88816,0.6026580595310452,11.4575334736121,4.86600017547607,3.44701566338236,5.335612018362283,72.865390240783,5760.80517151179,3.19104674115678,13.0968659297189,86.5199966430664,0.2112635,7.69705027710581,0.0497333,7,0
South Africa,2009,1964.0,0.83562,0.5943299378669653,11.471198512369,5.24869012832642,2.57639403685893,5.22271698313253,55.4182616022717,5862.79710791594,-1.53808933379921,13.2186119391074,85.8399963378906,0.1821967,7.70309363021707,-0.1132994,7,0
South Africa,2010,1996.0,0.73704,0.5857433924191567,11.574435775543,5.72173976898193,0.983955560867284,5.0976990415662655,55.9889858083946,7328.61519967084,3.03973081360169,13.3349994679311,84.6100006103516,0.1314679,7.70941383111942,-0.029427,7,0
South Africa,2015,2077.0,0.79846,0.7221993555851259,11.5019085562506,5.95619010925293,0.478917398636715,5.410272970906011,61.6170734766724,5734.63342207587,1.19373280124428,13.8829759753801,83.5699996948242,0.0251445,7.74340287907342,-0.2129929,7,0
South Africa,2016,2018.0,0.81882,0.7116469148175901,11.4718156041046,5.94285011291504,0.747512259560364,5.741377000605807,60.6381880497171,5272.5436481983,0.399087929556359,14.013149582973,83.0699996948242,0.1183915,7.74976455152014,-0.141504,7,0
South Africa,2017,2189.0,0.83215,0.8770429465654043,11.5435144211626,6.11305999755859,0.588915939706811,4.81816864,57.9738949311917,6131.47944960886,1.41451262585058,14.1540560499302,83.8099975585938,-0.0230051,7.75587829191875,-0.2775479,7,0
Spain,2007,9380.0,1.23448,1.9899704164364656,12.167946495037,4.25404977798462,4.63475472746274,4.920632770984883,57.7476037596033,32549.9709785513,3.60468797126931,15.7611110591255,82.7099990844727,1.086643,7.65539588934816,-0.2753482,11,1
Spain,2008,10128.0,1.31706,1.958475701823032,12.2109134521569,4.52805995941162,4.55866954148651,4.704491517857143,55.9833300436847,35366.2596011983,0.887145182485298,15.6904660469095,82.6800003051758,1.190226,7.66232432167371,-0.3808494,11,1
Spain,2009,9303.0,1.35134,2.372584347853995,12.1718970658193,4.91200017929077,0.642832486133276,4.313940784090908,46.9948743270275,32042.4740786617,-3.76323192690089,15.7312924325836,82.7200012207031,1.0622,7.66617102416157,-0.4737767,11,1
Spain,2010,10749.0,1.34961,2.146987164044011,12.1525091160125,4.85608005523682,2.5768123129475,4.2140214402597405,52.928240557318,30502.7197080776,0.163010230841422,15.8403102705972,82.2300033569336,1.084354,7.66817055202464,-0.3180437,11,1
Spain,2011,10846.0,1.32508,1.7114973061995116,12.1699014608367,4.8969202041626,1.81447968715079,4.114102096428572,58.7931710352776,31636.4463142558,-0.81437345515107,15.9671965010384,82.1600036621094,1.104124,7.6697137670726,0.0211045,11,1
Spain,2012,11842.0,1.28788,2.351781383533746,12.1221569056642,4.4693398475647,1.57368379556953,3.986102091752577,60.8453698432449,28324.4293363918,-2.95944130173555,16.1427774476197,82.7300033569336,1.128226,7.66999573694532,-0.0295164,11,1
Spain,2013,11009.0,1.26859,2.1450000745387525,12.1318615425554,4.35101985931396,3.49680634167963,3.97584706,61.9962993018068,29059.5479522321,-1.43539425919327,16.3835579900596,81.9800033569336,0.9030925,7.66857268838752,0.0120178,11,1
Spain,2014,10918.0,1.23535,2.5817066035881164,12.136529957105,4.30338001251221,2.40567289745613,3.5785977378499982,63.8656097225425,29461.5503337389,1.38390794267029,16.6228765901626,81.5500030517578,0.6298417,7.66727436043431,0.2431217,11,1
Spain,2015,10867.0,1.21832,2.799019705787718,12.077411248971,4.28657007217407,1.92759596471091,4.006276652216911,64.2126411715031,25732.0183647454,3.83517266033846,16.8279123524199,81.2799987792969,0.5839002,7.66693739628986,0.2514912,11,1
Spain,2016,10816.0,1.18526,2.5815299876331808,12.0906375040152,4.22764015197754,3.59177021418208,4.597580833637968,63.7726244343891,26505.3432155204,3.03130132981933,17.0076206707241,80.8399963378906,0.5156305,7.66730407177266,0.4131883,11,1
Spain,2017,10808.0,1.2058,2.360857700461071,12.1181123091054,4.20773983001709,2.40490738202636,4.546599865,66.6925732463354,28170.1678643302,2.97364119053731,17.1631794424202,80.4599990844727,0.4917727,7.66832287417733,0.2827956,11,1
Sweden,2007,20640.0,3.25273,12.024365299343296,11.6913048524007,6.17158985137939,9.39303090626209,6.010828877005348,89.1620822111883,53700.0053363063,3.43922177600065,16.6317360084816,83.8300018310547,2.244637,6.96133052354418,1.271177,11,1
Sweden,2008,22363.0,3.49104,11.93105542007782,11.714083323468,6.34455013275146,8.0038751828389,5.951632320987654,92.5641504308151,56152.552340314,-0.450559256743361,16.7779601739296,84.1100006103516,2.227349,6.96471382213818,1.129976,11,1
Sweden,2009,20644.0,3.44598,11.829845948519736,11.6400210737504,6.74971008300781,2.05271748500075,6.1062306843373495,81.5088560374264,46946.9602719954,-4.33979057452935,16.9127349304115,83.8000030517578,2.253191,6.96841359599466,1.085468,11,1
Sweden,2010,22524.0,3.21262,11.729422274770034,11.6953175231726,6.52268981933594,0.126076302691436,6.068039100864327,84.2483771880363,52869.0442891587,5.95210700755608,17.0493937374031,83.2099990844727,2.274587,6.97211606341425,1.09417,11,1
Sweden,2011,22026.0,3.24522,5.2914459648650105,11.7589830934334,6.36691999435425,1.2157159597585,6.029847517391305,85.7910274001081,60755.7595508465,3.1953332348894,17.1918616805802,82.6800003051758,2.196957,6.97539563877485,1.230688,11,1
Sweden,2012,21721.0,3.27772,11.555381687913512,11.7423194909447,7.5369701385498,0.773512654107363,5.579698093577981,85.2822510623587,58037.8213192173,-0.588304568990736,17.3277354681094,82.9700012207031,2.312869,6.97860838984618,1.170597,11,1
Sweden,2013,22644.0,3.30252,11.45788098574025,11.7685210566511,7.61120986938477,0.224393964985766,5.5237169352459015,80.8156652769752,61126.9431963979,1.187775715906,17.4466454194586,83.25,2.291621,6.98228837828536,1.127778,11,1
Sweden,2014,23856.0,3.14261,11.344755783504931,11.7648961331061,7.57372999191284,-1.48192890421348,5.457374676072735,82.9335316938536,60020.3604576572,2.65779827531642,17.542657765452,83.2799987792969,2.153375,6.98659753381499,1.065415,11,1
Sweden,2015,24396.0,3.26418,11.225422193231152,11.7033806197758,7.4439001083374,2.03014290805931,5.75952708537762,83.7238145087279,51545.4836095322,4.48928158790491,17.6289564249862,83.3899993896484,2.241128,6.99119000116282,0.9471064,11,1
Sweden,2016,23485.0,3.26923,11.085262294941543,11.7123589565068,7.61861991882324,3.03348125315564,6.092021884292852,82.3206450872032,51965.1571531985,2.07059315052096,17.6825553890642,83.5400009155273,2.19184,6.99664671148778,1.017941,11,1
Sweden,2017,23429.0,3.39676,10.936896295752764,11.7332123164562,7.56883001327515,5.18358101372393,5.835482597,84.9347494342818,53791.5087298403,2.56792452526476,17.7204915845406,83.5800018310547,2.138959,7.00249859102813,0.9842001,11,1
Switzerland,2008,37170.0,2.71472,10.460695570876116,11.7437946180246,4.86799001693726,0.539526277271101,6.283489464424032,114.779395010445,72487.8459417575,2.1547019611267,21.8731756606375,83.1100006103516,2.124064,6.88352942363184,1.223261,4,1
Switzerland,2012,42018.0,3.18623,8.75343462891252,11.8248048166212,5.03337001800537,5.97917463810947,6.043746958579882,123.682364450627,83538.230025042,1.0060240455055,21.8125926157332,81.4499969482422,2.14676,6.90291954725427,1.418336,4,1
Switzerland,2015,45966.0,3.3716,8.451660606423552,11.8324017897064,5.10057020187378,17.4678963481447,6.24262101566875,112.730195002734,82081.5971616165,1.3333691753042,21.7345110248481,80.5899963378906,2.136473,6.91815599125974,1.339359,4,1
Switzerland,2017,44575.0,3.37286,9.465394517643496,11.8324772857341,5.13018989562988,20.9951145126338,6.580216408,119.508030758233,80449.9945127739,1.79940884956473,21.7517125798143,80.9199981689453,1.989057,6.92695126692088,1.256539,4,1
Tunisia,2007,98.0,0.66551,0.0,10.5900396807265,6.46551990509033,3.89468064411842,4.62908180680396,104.075472152244,3775.75001016077,6.70962039184595,28.3026149177527,64.75,-0.249607,7.01303644849077,0.1594673,6,0
Tunisia,2008,105.0,0.6394,0.0,10.6518262197482,6.27219009399414,5.79775500118085,4.379728886363637,114.354832289326,4307.15587838971,4.23777683573509,28.336847439371,65.4700012207031,-0.3039028,7.01763563034,0.1023051,6,0
Tunisia,2009,126.0,0.70644,0.0,10.6380391140373,6.528480052948,3.50994616498646,4.041614480701754,93.0168787876722,4128.46278261191,3.04344895484184,28.369785594719,67.2799987792969,-0.2209633,7.02225074017839,0.0617746,6,0
Tunisia,2010,126.0,0.69026,0.0,10.6439550733592,6.25480985641479,3.02944278362369,3.9138939697041115,104.149109104029,4141.97635336459,3.5106086386031,28.4125073087196,67.4300003051758,-0.2587942,7.02674745819154,-0.0639764,6,0
Tunisia,2012,190.0,0.68206,0.0,10.653638038711,6.25037002563477,3.4505488672247,3.488815862586767,106.531076947568,4152.67858707583,3.99767400230935,28.5290307219531,63.5699996948242,-0.0597201,7.03530972023322,-0.7213169,6,0
Tunisia,2015,218.0,0.62967,0.0,10.6352170647595,6.59601020812988,2.24795839954939,3.542907986337738,91.014664224794,3861.68853113497,1.19454175326123,28.6893980595182,67.2300033569336,-0.0688108,7.04843982241721,-0.9603872,6,0
United Kingdom,2007,50063.0,1.62165,6.849039967621653,12.4914852894757,4.91482019424438,6.75662394763812,5.957441881142465,52.4590259133152,50566.8265956828,2.43055320120308,15.5376455585476,89.6699981689453,1.742208,7.78761958985206,0.5753913,10,1
United Kingdom,2008,51322.0,1.62307,6.79534735510115,12.4657793774717,4.89331007003784,8.67201407744004,5.360993934778012,56.1301087908846,47286.9984928367,-0.281153555903288,15.6104398661884,85.2399978637695,1.682487,7.79103762910157,0.4946935,10,1
United Kingdom,2009,48718.0,1.6825,6.422992256922259,12.3821809621342,5.07431983947754,0.60338667381581,5.334210186486486,54.3518422190244,38713.1374283353,-4.24782176303837,15.6886527188865,85.0100021362305,1.632727,7.7943225928664,0.1215835,10,1
United Kingdom,2010,50861.0,1.66063,6.054197976894153,12.3936180728381,5.70323991775513,2.69607936146661,5.5084813240124735,58.5464880734266,39435.8399018505,1.94952146428622,15.7640292602573,84.8600006103516,1.604827,7.79772697800305,0.4118182,10,1
United Kingdom,2011,50788.0,1.66488,2.845453463319971,12.424768975606,5.59523010253906,1.01575406843406,5.6827524615384615,62.3048541255971,42038.572250193,1.54014740315958,15.8409061544341,85.0299987792969,1.616091,7.80112101787856,0.3517076,10,1
United Kingdom,2013,51268.0,1.63938,5.769686016649786,12.4449846775759,5.5297999382019,1.95523073173183,5.848117909090909,61.1818356789624,43444.533001954,2.1394857181109,15.9810767570623,84.0699996948242,1.699135,7.8070495443509,0.4862014,10,1
United Kingdom,2014,52564.0,1.65915,5.8821436971174,12.4862608711317,5.59899997711182,1.92213535385895,5.937331029703611,58.3983900870264,47425.6076805194,2.60747590068877,16.0438110484515,83.6900024414063,1.738478,7.81024796677169,0.4153476,10,1
United Kingdom,2015,53364.0,1.66818,5.682148098924478,12.466658723687,5.55615997314453,1.54796224843591,6.0235909795468565,56.6830960052084,44974.8318771782,2.35552430595799,16.0983453558205,83.7600021362305,1.876371,7.81368917512579,0.5177479,10,1
United Kingdom,2016,52901.0,1.68211,5.639247320210622,12.4304432446563,5.42670011520386,12.0556451917926,6.092605904257221,58.4982853740881,41064.1334316223,1.91815513204681,16.1593150043235,83.7699966430664,1.898977,7.81698058222782,0.3604541,10,1
United Kingdom,2017,53825.0,1.69829,5.752445709060764,12.4258974771533,5.44209003448486,4.70172672613595,6.177067757,61.9451388664298,40361.4173832159,1.89207700716807,16.2339994869574,83.8199996948242,1.843364,7.81993106807954,0.3315471,10,1
